wconcept,307602607,plaid,그라프트 워크 체크셔츠 브라운 SJLS1543,https://www.wconcept.co.kr/Product/307602607,https://product-image.wconcept.co.kr/productimg/image/img9/07/307602607_GG58262.jpg,C:/Users/rlarh/Desktop/tops-pattern/data/raw/tops/plaid/wconcept_307602607.jpg,960,1280,eb96921a39699dc1,2025-10-21T14:07:18
wconcept,307602605,plaid,그라프트 워크 체크셔츠 버건디 SJLS1543,https://www.wconcept.co.kr/Product/307602605,https://product-image.wconcept.co.kr/productimg/image/img9/05/307602605_GM14860.jpg,C:/Users/rlarh/Desktop/tops-pattern/data/raw/tops/plaid/wconcept_307602605.jpg,960,1280,e8c6967ad169c32c,2025-10-21T14:07:20
wconcept,307602602,plaid,그라프트 워크 체크셔츠 네이비 SJLS1543,https://www.wconcept.co.kr/Product/307602602,https://product-image.wconcept.co.kr/productimg/image/img9/02/307602602_KG20596.jpg,C:/Users/rlarh/Desktop/tops-pattern/data/raw/tops/plaid/wconcept_307602602.jpg,960,1280,add3930e782de087,2025-10-21T14:07:22
wconcept,307595730,stripe,쇼트 슬리브 셔츠 루즈핏 라이트 블루/스트라이프 1288287002,https://www.wconcept.co.kr/Product/307595730,https://product-image.wconcept.co.kr/productimg/image/img9/30/307595730_HN85340.jpg,C:/Users/rlarh/Desktop/tops-pattern/data/raw/tops/stripe/wconcept_307595730.jpg,960,1280,bbc6c131e4cef038,2025-10-21T14:08:00
wconcept,307581915,plaid,Mens Roa Checked Shirts_Brown,https://www.wconcept.co.kr/Product/307581915,https://product-image.wconcept.co.kr/productimg/image/img9/15/307581915_WK24176.jpg,C:/Users/rlarh/Desktop/tops-pattern/data/raw/tops/plaid/wconcept_307581915.jpg,960,1280,e8b5964a29b46697,2025-10-21T14:08:14
wconcept,307544900,solid,[2PACK] 솔리드 오버핏 옥스포드 셔츠 (3color),https://www.wconcept.co.kr/Product/307544900,https://product-image.wconcept.co.kr/productimg/image/img9/00/307544900_QJ44313.jpg,C:/Users/rlarh/Desktop/tops-pattern/data/raw/tops/solid/wconcept_307544900.jpg,960,1280,ee872d94923897b2,2025-10-21T14:08:21
wconcept,307544706,solid,솔리드 오버핏 옥스포드 셔츠 (그레이),https://www.wconcept.co.kr/Product/307544706,https://product-image.wconcept.co.kr/productimg/image/img9/06/307544706_FP43304.jpg,C:/Users/rlarh/Desktop/tops-pattern/data/raw/tops/solid/wconcept_307544706.jpg,960,1280,efe1e21e618b2c70,2025-10-21T14:08:23
wconcept,307544624,solid,솔리드 오버핏 옥스포드 셔츠 (스카이블루),https://www.wconcept.co.kr/Product/307544624,https://product-image.wconcept.co.kr/productimg/image/img9/24/307544624_TB88818.jpg,C:/Users/rlarh/Desktop/tops-pattern/data/raw/tops/solid/wconcept_307544624.jpg,960,1280,e524e3961bcb86a6,2025-10-21T14:08:24
wconcept,307544494,solid,솔리드 오버핏 옥스포드 셔츠 (화이트),https://www.wconcept.co.kr/Product/307544494,https://product-image.wconcept.co.kr/productimg/image/img9/94/307544494_XQ81318.jpg,C:/Users/rlarh/Desktop/tops-pattern/data/raw/tops/solid/wconcept_307544494.jpg,960,1280,e53633924b8c6d66,2025-10-21T14:08:26
wconcept,307480683,plaid,셔켓 2122 기모 플란넬체크 오버핏 그레이 셔츠형 재킷,https://www.wconcept.co.kr/Product/307480683,https://product-image.wconcept.co.kr/productimg/image/img9/83/307480683_QI82154.jpg,C:/Users/rlarh/Desktop/tops-pattern/data/raw/tops/plaid/wconcept_307480683.jpg,960,1280,85c227ca6ce6dca6,2025-10-21T14:08:57
wconcept,307480680,plaid,셔켓 2122 기모 플란넬체크 오버핏 그린 셔츠형 재킷,https://www.wconcept.co.kr/Product/307480680,https://product-image.wconcept.co.kr/productimg/image/img9/80/307480680_FV67913.jpg,C:/Users/rlarh/Desktop/tops-pattern/data/raw/tops/plaid/wconcept_307480680.jpg,960,1280,e996b65b392d6284,2025-10-21T14:08:59
wconcept,307485746,plaid,블루 옴브레 체크 셔츠 ERSFW25241BUX,https://www.wconcept.co.kr/Product/307485746,https://product-image.wconcept.co.kr/productimg/image/img9/46/307485746_JN90344.jpg,C:/Users/rlarh/Desktop/tops-pattern/data/raw/tops/plaid/wconcept_307485746.jpg,960,1280,e885971a996969e5,2025-10-21T14:09:10
wconcept,307485741,plaid,옴브레 체크 셔츠 ERSFW25231NYX,https://www.wconcept.co.kr/Product/307485741,https://product-image.wconcept.co.kr/productimg/image/img9/41/307485741_KO56515.jpg,C:/Users/rlarh/Desktop/tops-pattern/data/raw/tops/plaid/wconcept_307485741.jpg,960,1280,eaa5955a983869b5,2025-10-21T14:09:12
wconcept,307478683,plaid,[소정 PICK] vintage check pocket shirt mustard,https://www.wconcept.co.kr/Product/307478683,https://product-image.wconcept.co.kr/productimg/image/img9/83/307478683_YX41161.jpg,C:/Users/rlarh/Desktop/tops-pattern/data/raw/tops/plaid/wconcept_307478683.jpg,960,1280,eaa5955a897d2ca4,2025-10-21T14:09:14
wconcept,307478682,plaid,vintage check pocket shirt black,https://www.wconcept.co.kr/Product/307478682,https://product-image.wconcept.co.kr/productimg/image/img9/82/307478682_GU42641.jpg,C:/Users/rlarh/Desktop/tops-pattern/data/raw/tops/plaid/wconcept_307478682.jpg,960,1280,eaa5915e9c682de1,2025-10-21T14:09:16
wconcept,307486520,plaid,플란넬 셔츠 루즈핏 브라운/체크 1296170002,https://www.wconcept.co.kr/Product/307486520,https://product-image.wconcept.co.kr/productimg/image/img9/20/307486520_JG35706.jpg,C:/Users/rlarh/Desktop/tops-pattern/data/raw/tops/plaid/wconcept_307486520.jpg,960,1280,b893c33b4c346cc7,2025-10-21T14:09:32
wconcept,307486479,plaid,플란넬 셔츠 루즈핏 블루/체크 1296170003,https://www.wconcept.co.kr/Product/307486479,https://product-image.wconcept.co.kr/productimg/image/img9/79/307486479_GG53591.jpg,C:/Users/rlarh/Desktop/tops-pattern/data/raw/tops/plaid/wconcept_307486479.jpg,960,1280,b993d20b2f648ec3,2025-10-21T14:09:34
wconcept,307486474,plaid,플란넬 셔츠 루즈핏 플럼 퍼플/체크 1296170001,https://www.wconcept.co.kr/Product/307486474,https://product-image.wconcept.co.kr/productimg/image/img9/74/307486474_GG91021.jpg,C:/Users/rlarh/Desktop/tops-pattern/data/raw/tops/plaid/wconcept_307486474.jpg,960,1280,e8c686de58316973,2025-10-21T14:09:35
wconcept,307486456,plaid,플란넬 셔츠 루즈핏 핑크/체크 1296170004,https://www.wconcept.co.kr/Product/307486456,https://product-image.wconcept.co.kr/productimg/image/img9/56/307486456_MK35362.jpg,C:/Users/rlarh/Desktop/tops-pattern/data/raw/tops/plaid/wconcept_307486456.jpg,960,1280,b2cf9236cd98c934,2025-10-21T14:09:37
wconcept,307481894,stripe,옥스퍼드 셔츠 레귤러핏 화이트/베이지 스트라이프 1257417025,https://www.wconcept.co.kr/Product/307481894,https://product-image.wconcept.co.kr/productimg/image/img9/94/307481894_OG17682.jpg,C:/Users/rlarh/Desktop/tops-pattern/data/raw/tops/stripe/wconcept_307481894.jpg,960,1280,b3c6cc9c0c66cd99,2025-10-21T14:09:39
wconcept,307480186,plaid,투포켓 체크 셔츠_LW253SR320,https://www.wconcept.co.kr/Product/307480186,https://product-image.wconcept.co.kr/productimg/image/img9/86/307480186_IR89577.jpg,C:/Users/rlarh/Desktop/tops-pattern/data/raw/tops/plaid/wconcept_307480186.jpg,960,1280,eae0851fda694ee0,2025-10-21T14:09:42
wconcept,307298882,plaid,BLUE CHECK TAPPED SHIRT,https://www.wconcept.co.kr/Product/307298882,https://product-image.wconcept.co.kr/productimg/image/img9/82/307298882_HY82915.jpg,C:/Users/rlarh/Desktop/tops-pattern/data/raw/tops/plaid/wconcept_307298882.jpg,960,1280,cc1cf20cf3629da3,2025-10-21T14:09:50
wconcept,307448163,plaid,Old days vtg check shirt (vtg navy),https://www.wconcept.co.kr/Product/307448163,https://product-image.wconcept.co.kr/productimg/image/img9/63/307448163_GG52767.jpg,C:/Users/rlarh/Desktop/tops-pattern/data/raw/tops/plaid/wconcept_307448163.jpg,960,1280,b1d3c31a653c6cc6,2025-10-21T14:09:56
wconcept,307448162,plaid,Old days vtg check shirt (vtg green),https://www.wconcept.co.kr/Product/307448162,https://product-image.wconcept.co.kr/productimg/image/img9/62/307448162_GH48577.jpg,C:/Users/rlarh/Desktop/tops-pattern/data/raw/tops/plaid/wconcept_307448162.jpg,960,1280,b4c3d24dce3c64b4,2025-10-21T14:09:57
wconcept,307448161,stripe,Corduroy stripe shirt (pink stripe),https://www.wconcept.co.kr/Product/307448161,https://product-image.wconcept.co.kr/productimg/image/img9/61/307448161_GG12142.jpg,C:/Users/rlarh/Desktop/tops-pattern/data/raw/tops/stripe/wconcept_307448161.jpg,960,1280,b0c3668f70cc3ccd,2025-10-21T14:09:59
wconcept,307448160,stripe,Corduroy stripe shirt (gray stripe),https://www.wconcept.co.kr/Product/307448160,https://product-image.wconcept.co.kr/productimg/image/img9/60/307448160_GG10202.jpg,C:/Users/rlarh/Desktop/tops-pattern/data/raw/tops/stripe/wconcept_307448160.jpg,960,1280,b193c31a3cb46cc7,2025-10-21T14:10:01
wconcept,307448159,plaid,Plaid check shirt (black check),https://www.wconcept.co.kr/Product/307448159,https://product-image.wconcept.co.kr/productimg/image/img9/59/307448159_JG60557.jpg,C:/Users/rlarh/Desktop/tops-pattern/data/raw/tops/plaid/wconcept_307448159.jpg,960,1280,b1d3c31e616c69c6,2025-10-21T14:10:03
wconcept,307448158,plaid,Plaid check shirt (beige check),https://www.wconcept.co.kr/Product/307448158,https://product-image.wconcept.co.kr/productimg/image/img9/58/307448158_GG14089.jpg,C:/Users/rlarh/Desktop/tops-pattern/data/raw/tops/plaid/wconcept_307448158.jpg,960,1280,b0c3679e6998cd64,2025-10-21T14:10:05
wconcept,307472520,stripe,옥스퍼드 셔츠 레귤러핏 화이트/핀스트라이프 1257417017,https://www.wconcept.co.kr/Product/307472520,https://product-image.wconcept.co.kr/productimg/image/img9/20/307472520_GG63405.jpg,C:/Users/rlarh/Desktop/tops-pattern/data/raw/tops/stripe/wconcept_307472520.jpg,960,1280,e396679a699998c8,2025-10-21T14:10:14
wconcept,307361324,stripe,UNISEX INFORMAL SHIRT SOFT PINK STRIPE_M_UDSH5C102P1,https://www.wconcept.co.kr/Product/307361324,https://product-image.wconcept.co.kr/productimg/image/img9/24/307361324_GG14788.jpg,C:/Users/rlarh/Desktop/tops-pattern/data/raw/tops/stripe/wconcept_307361324.jpg,960,1280,b193639a212ccf67,2025-10-21T14:10:47
wconcept,307361321,stripe,UNISEX INFORMAL SHIRT BLUE BROWN STRIPE_M_UDSH5C102B2,https://www.wconcept.co.kr/Product/307361321,https://product-image.wconcept.co.kr/productimg/image/img9/21/307361321_HG14947.jpg,C:/Users/rlarh/Desktop/tops-pattern/data/raw/tops/stripe/wconcept_307361321.jpg,960,1280,a192639238ce9ee7,2025-10-21T14:10:49
wconcept,307424130,stripe,셔츠 릴랙스핏 화이트/핀스트라이프 1300180001,https://www.wconcept.co.kr/Product/307424130,https://product-image.wconcept.co.kr/productimg/image/img9/30/307424130_GG75282.jpg,C:/Users/rlarh/Desktop/tops-pattern/data/raw/tops/stripe/wconcept_307424130.jpg,960,1280,b3c96333cfc98c24,2025-10-21T14:10:55
wconcept,307406246,stripe,면분할 스트라이프 톤배색 남성우븐셔츠 CXS23SWSH281 GRY,https://www.wconcept.co.kr/Product/307406246,https://product-image.wconcept.co.kr/productimg/image/img9/46/307406246_HE90442.jpg,C:/Users/rlarh/Desktop/tops-pattern/data/raw/tops/stripe/wconcept_307406246.jpg,960,1280,b867c75ae43c8634,2025-10-21T14:10:57
wconcept,307406244,stripe,면분할 스트라이프 톤배색 남성우븐셔츠 CXS23SWSH281 BLU,https://www.wconcept.co.kr/Product/307406244,https://product-image.wconcept.co.kr/productimg/image/img9/44/307406244_HR51694.jpg,C:/Users/rlarh/Desktop/tops-pattern/data/raw/tops/stripe/wconcept_307406244.jpg,960,1280,b1c6a59a689366ce,2025-10-21T14:10:59
wconcept,307419159,stripe,럭비 셔츠 루즈핏 화이트/네이비 블루 스트라이프 1311896002,https://www.wconcept.co.kr/Product/307419159,https://product-image.wconcept.co.kr/productimg/image/img9/59/307419159_GG40256.jpg,C:/Users/rlarh/Desktop/tops-pattern/data/raw/tops/stripe/wconcept_307419159.jpg,960,1280,b399cd63339c8c32,2025-10-21T14:11:14
wconcept,307419156,stripe,럭비 셔츠 루즈핏 화이트/브라운 스트라이프 1311896001,https://www.wconcept.co.kr/Product/307419156,https://product-image.wconcept.co.kr/productimg/image/img9/56/307419156_IL37606.jpg,C:/Users/rlarh/Desktop/tops-pattern/data/raw/tops/stripe/wconcept_307419156.jpg,960,1280,bb93c33a2c6cccc1,2025-10-21T14:11:16
wconcept,307411935,stripe,Dusty Horizon Stripe Shirt S186,https://www.wconcept.co.kr/Product/307411935,https://product-image.wconcept.co.kr/productimg/image/img9/35/307411935_KG53198.jpg,C:/Users/rlarh/Desktop/tops-pattern/data/raw/tops/stripe/wconcept_307411935.jpg,960,1280,edf0920fd86c2d86,2025-10-21T14:11:28
wconcept,307411932,stripe,Grounded in Coral Stripe Shirt S188,https://www.wconcept.co.kr/Product/307411932,https://product-image.wconcept.co.kr/productimg/image/img9/32/307411932_GG18394.jpg,C:/Users/rlarh/Desktop/tops-pattern/data/raw/tops/stripe/wconcept_307411932.jpg,960,1280,ede0961fd8692986,2025-10-21T14:11:31
wconcept,307407496,stripe,Office Stripe Shirt (Light Beige) TNSH5F105Y2,https://www.wconcept.co.kr/Product/307407496,https://product-image.wconcept.co.kr/productimg/image/img9/96/307407496_GG84758.jpg,C:/Users/rlarh/Desktop/tops-pattern/data/raw/tops/stripe/wconcept_307407496.jpg,960,1280,b6c3241fc23dd08f,2025-10-21T14:11:44
wconcept,307407497,stripe,Office Stripe Shirt (Dusty Blue) TNSH5F105B2,https://www.wconcept.co.kr/Product/307407497,https://product-image.wconcept.co.kr/productimg/image/img9/97/307407497_GL91578.jpg,C:/Users/rlarh/Desktop/tops-pattern/data/raw/tops/stripe/wconcept_307407497.jpg,960,1280,b6c32532cf3463c6,2025-10-21T14:12:05
wconcept,307229101,solid,린넨 혼방 긴팔 솔리드 셔츠_베이지,https://www.wconcept.co.kr/Product/307229101,https://product-image.wconcept.co.kr/productimg/image/img9/01/307229101_GL10153.jpg,C:/Users/rlarh/Desktop/tops-pattern/data/raw/tops/solid/wconcept_307229101.jpg,960,1280,d243fe61d4c70786,2025-10-21T14:12:23
wconcept,307229790,solid,린넨 혼방 긴팔 솔리드 셔츠_브라운 (이지핏),https://www.wconcept.co.kr/Product/307229790,https://product-image.wconcept.co.kr/productimg/image/img9/90/307229790_KN28482.jpg,C:/Users/rlarh/Desktop/tops-pattern/data/raw/tops/solid/wconcept_307229790.jpg,960,1280,b902cb6cf68e330b,2025-10-21T14:12:49
wconcept,307229550,stripe,린넨 혼방 반팔 스트라이프 셔츠_그레이 (릴렉스핏),https://www.wconcept.co.kr/Product/307229550,https://product-image.wconcept.co.kr/productimg/image/img9/50/307229550_GJ33137.jpg,C:/Users/rlarh/Desktop/tops-pattern/data/raw/tops/stripe/wconcept_307229550.jpg,960,1280,f68b36619cd40a5e,2025-10-21T14:13:07
wconcept,307197184,stripe,UV Organic Heritage Linen Stripe Shirt S176,https://www.wconcept.co.kr/Product/307197184,https://product-image.wconcept.co.kr/productimg/image/img9/84/307197184_QJ70832.jpg,C:/Users/rlarh/Desktop/tops-pattern/data/raw/tops/stripe/wconcept_307197184.jpg,960,1280,f3cc9b26cc99cc18,2025-10-21T14:13:23
wconcept,307211366,stripe,캠프 셔츠 레귤러핏 화이트/그레이 스트라이프 1292130001,https://www.wconcept.co.kr/Product/307211366,https://product-image.wconcept.co.kr/productimg/image/img9/66/307211366_KG11472.jpg,C:/Users/rlarh/Desktop/tops-pattern/data/raw/tops/stripe/wconcept_307211366.jpg,960,1280,b691cbe61bb4c864,2025-10-21T14:13:24
wconcept,307155336,stripe,Macaron over silhouette stripe shirts_Rose milk tea,https://www.wconcept.co.kr/Product/307155336,https://product-image.wconcept.co.kr/productimg/image/img9/36/307155336_NB16922.jpg,C:/Users/rlarh/Desktop/tops-pattern/data/raw/tops/stripe/wconcept_307155336.jpg,960,1280,8a68e2f3923b25e5,2025-10-21T14:13:53
wconcept,307602607,plaid,그라프트 워크 체크셔츠 브라운 SJLS1543,https://www.wconcept.co.kr/Product/307602607,https://product-image.wconcept.co.kr/productimg/image/img9/07/307602607_GG58262.jpg,C:/Users/rlarh/Desktop/tops-pattern/data/raw/tops/plaid/wconcept_307602607.jpg,960,1280,eb96921a39699dc1,2025-10-21T14:26:26
wconcept,307602605,plaid,그라프트 워크 체크셔츠 버건디 SJLS1543,https://www.wconcept.co.kr/Product/307602605,https://product-image.wconcept.co.kr/productimg/image/img9/05/307602605_GM14860.jpg,C:/Users/rlarh/Desktop/tops-pattern/data/raw/tops/plaid/wconcept_307602605.jpg,960,1280,e8c6967ad169c32c,2025-10-21T14:26:28
wconcept,307602602,plaid,그라프트 워크 체크셔츠 네이비 SJLS1543,https://www.wconcept.co.kr/Product/307602602,https://product-image.wconcept.co.kr/productimg/image/img9/02/307602602_KG20596.jpg,C:/Users/rlarh/Desktop/tops-pattern/data/raw/tops/plaid/wconcept_307602602.jpg,960,1280,add3930e782de087,2025-10-21T14:26:29
wconcept,307602599,polka_dot,어반 워크 셔츠 카키 SJLS1546,https://www.wconcept.co.kr/Product/307602599,https://product-image.wconcept.co.kr/productimg/image/img9/99/307602599_IG21265.jpg,C:/Users/rlarh/Desktop/tops-pattern/data/raw/tops/polka_dot/wconcept_307602599.jpg,960,1280,eab481539e6a1d65,2025-10-21T14:26:31
wconcept,307602598,polka_dot,어반 워크 셔츠 블랙 SJLS1546,https://www.wconcept.co.kr/Product/307602598,https://product-image.wconcept.co.kr/productimg/image/img9/98/307602598_GM90190.jpg,C:/Users/rlarh/Desktop/tops-pattern/data/raw/tops/polka_dot/wconcept_307602598.jpg,960,1280,eab18516da2a5ce5,2025-10-21T14:26:33
wconcept,307602597,polka_dot,어반 워크 셔츠 브라운 SJLS1546,https://www.wconcept.co.kr/Product/307602597,https://product-image.wconcept.co.kr/productimg/image/img9/97/307602597_JK59045.jpg,C:/Users/rlarh/Desktop/tops-pattern/data/raw/tops/polka_dot/wconcept_307602597.jpg,960,1280,eab48143de6b0ee4,2025-10-21T14:26:34
wconcept,307602596,polka_dot,페이디드 폼 셔츠 크림베이지 MMLS1548,https://www.wconcept.co.kr/Product/307602596,https://product-image.wconcept.co.kr/productimg/image/img9/96/307602596_GG36114.jpg,C:/Users/rlarh/Desktop/tops-pattern/data/raw/tops/polka_dot/wconcept_307602596.jpg,960,1280,ebb631da39cb2481,2025-10-21T14:26:36
wconcept,307602595,polka_dot,페이디드 폼 셔츠 블루그레이 MMLS1548,https://www.wconcept.co.kr/Product/307602595,https://product-image.wconcept.co.kr/productimg/image/img9/95/307602595_GN36371.jpg,C:/Users/rlarh/Desktop/tops-pattern/data/raw/tops/polka_dot/wconcept_307602595.jpg,960,1280,e7a4157a28b1979a,2025-10-21T14:26:37
wconcept,307602594,polka_dot,페이디드 폼 셔츠 블랙 MMLS1548,https://www.wconcept.co.kr/Product/307602594,https://product-image.wconcept.co.kr/productimg/image/img9/94/307602594_MG47868.jpg,C:/Users/rlarh/Desktop/tops-pattern/data/raw/tops/polka_dot/wconcept_307602594.jpg,960,1280,ea97d01f3978a1c2,2025-10-21T14:26:39
wconcept,307602593,polka_dot,페이디드 폼 셔츠 다크브라운 MMLS1548,https://www.wconcept.co.kr/Product/307602593,https://product-image.wconcept.co.kr/productimg/image/img9/93/307602593_HK90848.jpg,C:/Users/rlarh/Desktop/tops-pattern/data/raw/tops/polka_dot/wconcept_307602593.jpg,960,1280,eec4c41a6539b5b2,2025-10-21T14:26:41
wconcept,307602590,polka_dot,페이디드 폼 셔츠 네이비블루 MMLS1548,https://www.wconcept.co.kr/Product/307602590,https://product-image.wconcept.co.kr/productimg/image/img9/90/307602590_KM86094.jpg,C:/Users/rlarh/Desktop/tops-pattern/data/raw/tops/polka_dot/wconcept_307602590.jpg,960,1280,e897955a3169c58d,2025-10-21T14:26:43
wconcept,307606044,polka_dot,루즈핏 후드티 레드 0970819127,https://www.wconcept.co.kr/Product/307606044,https://product-image.wconcept.co.kr/productimg/image/img9/44/307606044_IG40868.jpg,C:/Users/rlarh/Desktop/tops-pattern/data/raw/tops/polka_dot/wconcept_307606044.jpg,960,1280,b333cf8b9b203839,2025-10-21T14:26:45
wconcept,307605994,polka_dot,스웨트셔츠 루즈핏 레드 1308076015,https://www.wconcept.co.kr/Product/307605994,https://product-image.wconcept.co.kr/productimg/image/img9/94/307605994_HG83262.jpg,C:/Users/rlarh/Desktop/tops-pattern/data/raw/tops/polka_dot/wconcept_307605994.jpg,960,1280,b232cfcb9a30cc65,2025-10-21T14:26:48
wconcept,307454261,polka_dot,루카 VACANCY FLANNEL 긴팔 셔츠 (VF31SH005MSH),https://www.wconcept.co.kr/Product/307454261,https://product-image.wconcept.co.kr/productimg/image/img9/61/307454261_GG33175.jpg,C:/Users/rlarh/Desktop/tops-pattern/data/raw/tops/polka_dot/wconcept_307454261.jpg,960,1280,f997c31a213c65e4,2025-10-21T14:26:50
wconcept,307442151,polka_dot,퀵실버 CLEAN COAST 긴팔 셔츠 (QF31SH026KSH),https://www.wconcept.co.kr/Product/307442151,https://product-image.wconcept.co.kr/productimg/image/img9/51/307442151_LM15095.jpg,C:/Users/rlarh/Desktop/tops-pattern/data/raw/tops/polka_dot/wconcept_307442151.jpg,960,1280,f8c7871acc38cc35,2025-10-21T14:26:52
wconcept,307442148,polka_dot,퀵실버 MOHAB WASHED TWILL 긴팔 셔츠 (QF31SH040CSD),https://www.wconcept.co.kr/Product/307442148,https://product-image.wconcept.co.kr/productimg/image/img9/48/307442148_GG12187.jpg,C:/Users/rlarh/Desktop/tops-pattern/data/raw/tops/polka_dot/wconcept_307442148.jpg,960,1280,b9c6a69b641ec2c6,2025-10-21T14:26:53
wconcept,307442146,polka_dot,퀵실버 MOHAB WASHED TWILL 긴팔 셔츠 (QF31SH040KTP),https://www.wconcept.co.kr/Product/307442146,https://product-image.wconcept.co.kr/productimg/image/img9/46/307442146_GG19092.jpg,C:/Users/rlarh/Desktop/tops-pattern/data/raw/tops/polka_dot/wconcept_307442146.jpg,960,1280,f8c7875a981cc2d3,2025-10-21T14:26:55
wconcept,307555851,polka_dot,빌라봉 오버핏 플리스 셔츠 (AF31SH066DGR),https://www.wconcept.co.kr/Product/307555851,https://product-image.wconcept.co.kr/productimg/image/img9/51/307555851_GM53619.jpg,C:/Users/rlarh/Desktop/tops-pattern/data/raw/tops/polka_dot/wconcept_307555851.jpg,960,1280,eab1974acc09dc2d,2025-10-21T14:26:57
wconcept,307555845,polka_dot,빌라봉 오버핏 플리스 셔츠 (AF31SH066OLV),https://www.wconcept.co.kr/Product/307555845,https://product-image.wconcept.co.kr/productimg/image/img9/45/307555845_GG47276.jpg,C:/Users/rlarh/Desktop/tops-pattern/data/raw/tops/polka_dot/wconcept_307555845.jpg,960,1280,e8a1975e8d399869,2025-10-21T14:26:58
wconcept,307555768,polka_dot,루카 WOLD WIDE 셔츠 (VF31SH055BLK),https://www.wconcept.co.kr/Product/307555768,https://product-image.wconcept.co.kr/productimg/image/img9/68/307555768_JK16647.jpg,C:/Users/rlarh/Desktop/tops-pattern/data/raw/tops/polka_dot/wconcept_307555768.jpg,960,1280,abf1924b941ec965,2025-10-21T14:27:00
wconcept,307595730,stripe,쇼트 슬리브 셔츠 루즈핏 라이트 블루/스트라이프 1288287002,https://www.wconcept.co.kr/Product/307595730,https://product-image.wconcept.co.kr/productimg/image/img9/30/307595730_HN85340.jpg,C:/Users/rlarh/Desktop/tops-pattern/data/raw/tops/stripe/wconcept_307595730.jpg,960,1280,bbc6c131e4cef038,2025-10-21T14:27:02
wconcept,307594862,polka_dot,코튼 폴로셔츠 루즈핏 라이트 그레이 멜란지 1311897003,https://www.wconcept.co.kr/Product/307594862,https://product-image.wconcept.co.kr/productimg/image/img9/62/307594862_GG58508.jpg,C:/Users/rlarh/Desktop/tops-pattern/data/raw/tops/polka_dot/wconcept_307594862.jpg,960,1280,b7c370872d9c648e,2025-10-21T14:27:03
wconcept,307594850,polka_dot,코튼 폴로셔츠 루즈핏 화이트 1311897002,https://www.wconcept.co.kr/Product/307594850,https://product-image.wconcept.co.kr/productimg/image/img9/50/307594850_NK13220.jpg,C:/Users/rlarh/Desktop/tops-pattern/data/raw/tops/polka_dot/wconcept_307594850.jpg,960,1280,bfb3266b820cc9cc,2025-10-21T14:27:05
wconcept,307586550,polka_dot,코듀로이 셔츠 레귤러핏 브라운 1289456001,https://www.wconcept.co.kr/Product/307586550,https://product-image.wconcept.co.kr/productimg/image/img9/50/307586550_GK18905.jpg,C:/Users/rlarh/Desktop/tops-pattern/data/raw/tops/polka_dot/wconcept_307586550.jpg,960,1280,e886c75a39793c86,2025-10-21T14:27:07
wconcept,307581915,plaid,Mens Roa Checked Shirts_Brown,https://www.wconcept.co.kr/Product/307581915,https://product-image.wconcept.co.kr/productimg/image/img9/15/307581915_WK24176.jpg,C:/Users/rlarh/Desktop/tops-pattern/data/raw/tops/plaid/wconcept_307581915.jpg,960,1280,e8b5964a29b46697,2025-10-21T14:27:15
wconcept,307544900,solid,[2PACK] 솔리드 오버핏 옥스포드 셔츠 (3color),https://www.wconcept.co.kr/Product/307544900,https://product-image.wconcept.co.kr/productimg/image/img9/00/307544900_QJ44313.jpg,C:/Users/rlarh/Desktop/tops-pattern/data/raw/tops/solid/wconcept_307544900.jpg,960,1280,ee872d94923897b2,2025-10-21T14:27:22
wconcept,307544706,solid,솔리드 오버핏 옥스포드 셔츠 (그레이),https://www.wconcept.co.kr/Product/307544706,https://product-image.wconcept.co.kr/productimg/image/img9/06/307544706_FP43304.jpg,C:/Users/rlarh/Desktop/tops-pattern/data/raw/tops/solid/wconcept_307544706.jpg,960,1280,efe1e21e618b2c70,2025-10-21T14:27:23
wconcept,307544624,solid,솔리드 오버핏 옥스포드 셔츠 (스카이블루),https://www.wconcept.co.kr/Product/307544624,https://product-image.wconcept.co.kr/productimg/image/img9/24/307544624_TB88818.jpg,C:/Users/rlarh/Desktop/tops-pattern/data/raw/tops/solid/wconcept_307544624.jpg,960,1280,e524e3961bcb86a6,2025-10-21T14:27:25
wconcept,307544494,solid,솔리드 오버핏 옥스포드 셔츠 (화이트),https://www.wconcept.co.kr/Product/307544494,https://product-image.wconcept.co.kr/productimg/image/img9/94/307544494_XQ81318.jpg,C:/Users/rlarh/Desktop/tops-pattern/data/raw/tops/solid/wconcept_307544494.jpg,960,1280,e53633924b8c6d66,2025-10-21T14:27:27
wconcept,307480683,plaid,셔켓 2122 기모 플란넬체크 오버핏 그레이 셔츠형 재킷,https://www.wconcept.co.kr/Product/307480683,https://product-image.wconcept.co.kr/productimg/image/img9/83/307480683_QI82154.jpg,C:/Users/rlarh/Desktop/tops-pattern/data/raw/tops/plaid/wconcept_307480683.jpg,960,1280,85c227ca6ce6dca6,2025-10-21T14:27:54
wconcept,307480680,plaid,셔켓 2122 기모 플란넬체크 오버핏 그린 셔츠형 재킷,https://www.wconcept.co.kr/Product/307480680,https://product-image.wconcept.co.kr/productimg/image/img9/80/307480680_FV67913.jpg,C:/Users/rlarh/Desktop/tops-pattern/data/raw/tops/plaid/wconcept_307480680.jpg,960,1280,e996b65b392d6284,2025-10-21T14:27:56
wconcept,307428515,plaid,투 포켓 체크 셔츠 [블랙],https://www.wconcept.co.kr/Product/307428515,https://product-image.wconcept.co.kr/productimg/image/img9/15/307428515_IY56761.jpg,C:/Users/rlarh/Desktop/tops-pattern/data/raw/tops/plaid/wconcept_307428515.jpg,960,1280,bbe4c41b9e6839a4,2025-10-21T14:28:04
wconcept,307508700,plaid,Micro Check Shirt_Charcoal,https://www.wconcept.co.kr/Product/307508700,https://product-image.wconcept.co.kr/productimg/image/img9/00/307508700_GG19161.jpg,C:/Users/rlarh/Desktop/tops-pattern/data/raw/tops/plaid/wconcept_307508700.jpg,960,1280,abf0950b970bda29,2025-10-21T14:28:09
wconcept,307508689,plaid,Seersucker Check Shirt_White,https://www.wconcept.co.kr/Product/307508689,https://product-image.wconcept.co.kr/productimg/image/img9/89/307508689_OJ90849.jpg,C:/Users/rlarh/Desktop/tops-pattern/data/raw/tops/plaid/wconcept_307508689.jpg,960,1280,eaa08557905f9e9a,2025-10-21T14:28:11
wconcept,307508688,plaid,Seersucker Check Shirt_Black,https://www.wconcept.co.kr/Product/307508688,https://product-image.wconcept.co.kr/productimg/image/img9/88/307508688_JH16179.jpg,C:/Users/rlarh/Desktop/tops-pattern/data/raw/tops/plaid/wconcept_307508688.jpg,960,1280,eae08517965ada9a,2025-10-21T14:28:12
wconcept,307301415,plaid,OVERSIZED FLANNEL CHECK SHIRT_BLACK,https://www.wconcept.co.kr/Product/307301415,https://product-image.wconcept.co.kr/productimg/image/img9/15/307301415_LN88107.jpg,C:/Users/rlarh/Desktop/tops-pattern/data/raw/tops/plaid/wconcept_307301415.jpg,960,1280,b4d3cb3cc96c3223,2025-10-21T14:28:18
wconcept,307301414,plaid,OVERSIZED FLANNEL CHECK SHIRT_BROWN,https://www.wconcept.co.kr/Product/307301414,https://product-image.wconcept.co.kr/productimg/image/img9/14/307301414_NQ64914.jpg,C:/Users/rlarh/Desktop/tops-pattern/data/raw/tops/plaid/wconcept_307301414.jpg,960,1280,812d38f3c7934e3c,2025-10-21T14:28:20
wconcept,307519071,plaid,PEACH COTTON FLANNEL OVERFIT CHECK SHIRT (WINE),https://www.wconcept.co.kr/Product/307519071,https://product-image.wconcept.co.kr/productimg/image/img9/71/307519071_GI26817.jpg,C:/Users/rlarh/Desktop/tops-pattern/data/raw/tops/plaid/wconcept_307519071.jpg,960,1280,b9c6c69a3e99604b,2025-10-21T14:28:22
wconcept,307519070,plaid,POCKET FLANNEL OVER CHECK SHIRT (BLUE),https://www.wconcept.co.kr/Product/307519070,https://product-image.wconcept.co.kr/productimg/image/img9/70/307519070_GG15208.jpg,C:/Users/rlarh/Desktop/tops-pattern/data/raw/tops/plaid/wconcept_307519070.jpg,960,1280,b893939ec9ccc534,2025-10-21T14:28:23
wconcept,307519068,plaid,POCKET FLANNEL OVER CHECK SHIRT (GREEN),https://www.wconcept.co.kr/Product/307519068,https://product-image.wconcept.co.kr/productimg/image/img9/68/307519068_MG15445.jpg,C:/Users/rlarh/Desktop/tops-pattern/data/raw/tops/plaid/wconcept_307519068.jpg,960,1280,a993879acd8c6d94,2025-10-21T14:28:25
wconcept,307519067,plaid,RETRO OVER CHECK SHIRT (BEIGE),https://www.wconcept.co.kr/Product/307519067,https://product-image.wconcept.co.kr/productimg/image/img9/67/307519067_LN97531.jpg,C:/Users/rlarh/Desktop/tops-pattern/data/raw/tops/plaid/wconcept_307519067.jpg,960,1280,a996939ecc9c619c,2025-10-21T14:28:27
wconcept,307519066,plaid,RETRO OVER CHECK SHIRT (NAVY),https://www.wconcept.co.kr/Product/307519066,https://product-image.wconcept.co.kr/productimg/image/img9/66/307519066_GJ18794.jpg,C:/Users/rlarh/Desktop/tops-pattern/data/raw/tops/plaid/wconcept_307519066.jpg,960,1280,b4c3c29e4ccd34d9,2025-10-21T14:28:28
wconcept,307519073,plaid,PEACH COTTON FLANNEL OVERFIT CHECK SHIRT (NAVY),https://www.wconcept.co.kr/Product/307519073,https://product-image.wconcept.co.kr/productimg/image/img9/73/307519073_HL25106.jpg,C:/Users/rlarh/Desktop/tops-pattern/data/raw/tops/plaid/wconcept_307519073.jpg,960,1280,e89697da2449e58d,2025-10-21T14:28:30
wconcept,307526957,plaid,컨버지 시티 믹스 오버핏 체크 셔츠 다크블루 SMLS4733,https://www.wconcept.co.kr/Product/307526957,https://product-image.wconcept.co.kr/productimg/image/img9/57/307526957_GG13975.jpg,C:/Users/rlarh/Desktop/tops-pattern/data/raw/tops/plaid/wconcept_307526957.jpg,960,1280,d3ac28e3273366a6,2025-10-21T14:28:35
wconcept,307526956,plaid,컨버지 시티 믹스 오버핏 체크 셔츠 다크브라운 SMLS4733,https://www.wconcept.co.kr/Product/307526956,https://product-image.wconcept.co.kr/productimg/image/img9/56/307526956_GG17867.jpg,C:/Users/rlarh/Desktop/tops-pattern/data/raw/tops/plaid/wconcept_307526956.jpg,960,1280,f486863f332331b3,2025-10-21T14:28:37
wconcept,307512045,stripe,MULTI STRIPE POCKET SHIRTS 2컬러,https://www.wconcept.co.kr/Product/307512045,https://product-image.wconcept.co.kr/productimg/image/img9/45/307512045_EX97427.jpg,C:/Users/rlarh/Desktop/tops-pattern/data/raw/tops/stripe/wconcept_307512045.jpg,960,1280,e59a638e9c6c1cd8,2025-10-21T14:28:50
wconcept,307512043,stripe,핀스트라이프 오버핏 데님셔츠 2컬러,https://www.wconcept.co.kr/Product/307512043,https://product-image.wconcept.co.kr/productimg/image/img9/43/307512043_PS89474.jpg,C:/Users/rlarh/Desktop/tops-pattern/data/raw/tops/stripe/wconcept_307512043.jpg,960,1280,f19396cb49cc4dc4,2025-10-21T14:28:52
wconcept,307361324,stripe,UNISEX INFORMAL SHIRT SOFT PINK STRIPE_M_UDSH5C102P1,https://www.wconcept.co.kr/Product/307361324,https://product-image.wconcept.co.kr/productimg/image/img9/24/307361324_GG14788.jpg,C:/Users/rlarh/Desktop/tops-pattern/data/raw/tops/stripe/wconcept_307361324.jpg,960,1280,b193639a212ccf67,2025-10-21T14:29:48
wconcept,307361321,stripe,UNISEX INFORMAL SHIRT BLUE BROWN STRIPE_M_UDSH5C102B2,https://www.wconcept.co.kr/Product/307361321,https://product-image.wconcept.co.kr/productimg/image/img9/21/307361321_HG14947.jpg,C:/Users/rlarh/Desktop/tops-pattern/data/raw/tops/stripe/wconcept_307361321.jpg,960,1280,a192639238ce9ee7,2025-10-21T14:29:50
wconcept,307424130,stripe,셔츠 릴랙스핏 화이트/핀스트라이프 1300180001,https://www.wconcept.co.kr/Product/307424130,https://product-image.wconcept.co.kr/productimg/image/img9/30/307424130_GG75282.jpg,C:/Users/rlarh/Desktop/tops-pattern/data/raw/tops/stripe/wconcept_307424130.jpg,960,1280,b3c96333cfc98c24,2025-10-21T14:29:56
wconcept,307406246,stripe,면분할 스트라이프 톤배색 남성우븐셔츠 CXS23SWSH281 GRY,https://www.wconcept.co.kr/Product/307406246,https://product-image.wconcept.co.kr/productimg/image/img9/46/307406246_HE90442.jpg,C:/Users/rlarh/Desktop/tops-pattern/data/raw/tops/stripe/wconcept_307406246.jpg,960,1280,b867c75ae43c8634,2025-10-21T14:29:58
wconcept,307406244,stripe,면분할 스트라이프 톤배색 남성우븐셔츠 CXS23SWSH281 BLU,https://www.wconcept.co.kr/Product/307406244,https://product-image.wconcept.co.kr/productimg/image/img9/44/307406244_HR51694.jpg,C:/Users/rlarh/Desktop/tops-pattern/data/raw/tops/stripe/wconcept_307406244.jpg,960,1280,b1c6a59a689366ce,2025-10-21T14:30:00
wconcept,307419159,stripe,럭비 셔츠 루즈핏 화이트/네이비 블루 스트라이프 1311896002,https://www.wconcept.co.kr/Product/307419159,https://product-image.wconcept.co.kr/productimg/image/img9/59/307419159_GG40256.jpg,C:/Users/rlarh/Desktop/tops-pattern/data/raw/tops/stripe/wconcept_307419159.jpg,960,1280,b399cd63339c8c32,2025-10-21T14:30:14
wconcept,307419156,stripe,럭비 셔츠 루즈핏 화이트/브라운 스트라이프 1311896001,https://www.wconcept.co.kr/Product/307419156,https://product-image.wconcept.co.kr/productimg/image/img9/56/307419156_IL37606.jpg,C:/Users/rlarh/Desktop/tops-pattern/data/raw/tops/stripe/wconcept_307419156.jpg,960,1280,bb93c33a2c6cccc1,2025-10-21T14:30:16
wconcept,307411935,stripe,Dusty Horizon Stripe Shirt S186,https://www.wconcept.co.kr/Product/307411935,https://product-image.wconcept.co.kr/productimg/image/img9/35/307411935_KG53198.jpg,C:/Users/rlarh/Desktop/tops-pattern/data/raw/tops/stripe/wconcept_307411935.jpg,960,1280,edf0920fd86c2d86,2025-10-21T14:30:27
wconcept,307411932,stripe,Grounded in Coral Stripe Shirt S188,https://www.wconcept.co.kr/Product/307411932,https://product-image.wconcept.co.kr/productimg/image/img9/32/307411932_GG18394.jpg,C:/Users/rlarh/Desktop/tops-pattern/data/raw/tops/stripe/wconcept_307411932.jpg,960,1280,ede0961fd8692986,2025-10-21T14:30:30
wconcept,307407496,stripe,Office Stripe Shirt (Light Beige) TNSH5F105Y2,https://www.wconcept.co.kr/Product/307407496,https://product-image.wconcept.co.kr/productimg/image/img9/96/307407496_GG84758.jpg,C:/Users/rlarh/Desktop/tops-pattern/data/raw/tops/stripe/wconcept_307407496.jpg,960,1280,b6c3241fc23dd08f,2025-10-21T14:30:43
wconcept,307407497,stripe,Office Stripe Shirt (Dusty Blue) TNSH5F105B2,https://www.wconcept.co.kr/Product/307407497,https://product-image.wconcept.co.kr/productimg/image/img9/97/307407497_GL91578.jpg,C:/Users/rlarh/Desktop/tops-pattern/data/raw/tops/stripe/wconcept_307407497.jpg,960,1280,b6c32532cf3463c6,2025-10-21T14:31:03
wconcept,307383625,floral,Square neck floral long sleeve top (Navy),https://www.wconcept.co.kr/Product/307383625,https://product-image.wconcept.co.kr/productimg/image/img9/25/307383625_SX64927.jpg,C:/Users/rlarh/Desktop/tops-pattern/data/raw/tops/floral/wconcept_307383625.jpg,960,1280,,2025-10-21T14:37:10
wconcept,307593542,plaid,체크 더블코튼 라운드 셔츠 버건디 250816BU,https://www.wconcept.co.kr/Product/307593542,https://product-image.wconcept.co.kr/productimg/image/img9/42/307593542_MH40180.jpg,C:/Users/rlarh/Desktop/tops-pattern/data/raw/tops/plaid/wconcept_307593542.jpg,960,1280,,2025-10-21T14:37:12
wconcept,307421827,floral,플라워 패턴 시스루 블라우스 GR8A0BL311,https://www.wconcept.co.kr/Product/307421827,https://product-image.wconcept.co.kr/productimg/image/img9/27/307421827_IO87157.jpg,C:/Users/rlarh/Desktop/tops-pattern/data/raw/tops/floral/wconcept_307421827.jpg,960,1280,,2025-10-21T14:37:13
wconcept,306080225,floral,FLOWER PUFF SHIRRING BLOUSE_BLACK FLORAL,https://www.wconcept.co.kr/Product/306080225,https://product-image.wconcept.co.kr/productimg/image/img9/25/306080225_WX30819.jpg,C:/Users/rlarh/Desktop/tops-pattern/data/raw/tops/floral/wconcept_306080225.jpg,960,1280,,2025-10-21T14:37:18
wconcept,306966854,floral,FLORAL BEADS CRAFT CARDIGAN_2color,https://www.wconcept.co.kr/Product/306966854,https://product-image.wconcept.co.kr/productimg/image/img9/54/306966854_IX97344.jpg,C:/Users/rlarh/Desktop/tops-pattern/data/raw/tops/floral/wconcept_306966854.jpg,960,1280,,2025-10-21T14:37:19
wconcept,307527812,floral,플라워자가드니트가디건 JZKT721J,https://www.wconcept.co.kr/Product/307527812,https://product-image.wconcept.co.kr/productimg/image/img9/12/307527812_WX37287.jpg,C:/Users/rlarh/Desktop/tops-pattern/data/raw/tops/floral/wconcept_307527812.jpg,960,1280,,2025-10-21T14:37:21
wconcept,306155476,floral,데이지 울 니트 가디건,https://www.wconcept.co.kr/Product/306155476,https://product-image.wconcept.co.kr/productimg/image/img9/76/306155476_BM46805.jpg,C:/Users/rlarh/Desktop/tops-pattern/data/raw/tops/floral/wconcept_306155476.jpg,960,1280,,2025-10-21T14:37:23
wconcept,306727883,floral,Floral Lace Blouse_Peach,https://www.wconcept.co.kr/Product/306727883,https://product-image.wconcept.co.kr/productimg/image/img9/83/306727883_UR35122.jpg,C:/Users/rlarh/Desktop/tops-pattern/data/raw/tops/floral/wconcept_306727883.jpg,960,1280,,2025-10-21T14:37:25
wconcept,306655801,floral,Floral Jacquard Cotton Set-Up Cardigan,https://www.wconcept.co.kr/Product/306655801,https://product-image.wconcept.co.kr/productimg/image/img9/01/306655801_EX58391.jpg,C:/Users/rlarh/Desktop/tops-pattern/data/raw/tops/floral/wconcept_306655801.jpg,960,1280,,2025-10-21T14:37:26
wconcept,307434063,floral,FLOWER WOOL CARDIGAN - BEIGE,https://www.wconcept.co.kr/Product/307434063,https://product-image.wconcept.co.kr/productimg/image/img9/63/307434063_EG57304.jpg,C:/Users/rlarh/Desktop/tops-pattern/data/raw/tops/floral/wconcept_307434063.jpg,960,1280,,2025-10-21T14:37:27
wconcept,306377835,floral,데이지 피그먼트 스웨트셔츠 스모크블랙,https://www.wconcept.co.kr/Product/306377835,https://product-image.wconcept.co.kr/productimg/image/img9/35/306377835_GI11509.jpg,C:/Users/rlarh/Desktop/tops-pattern/data/raw/tops/floral/wconcept_306377835.jpg,960,1280,,2025-10-21T14:37:30
wconcept,306595395,plaid,A3513 링클 체크 셔츠_Floral red,https://www.wconcept.co.kr/Product/306595395,https://product-image.wconcept.co.kr/productimg/image/img9/95/306595395_IC48810.jpg,C:/Users/rlarh/Desktop/tops-pattern/data/raw/tops/plaid/wconcept_306595395.jpg,960,1280,,2025-10-21T14:37:32
wconcept,306862486,floral,Pearl Garden Tie Blouse_Olive Green,https://www.wconcept.co.kr/Product/306862486,https://product-image.wconcept.co.kr/productimg/image/img9/86/306862486_WA92170.jpg,C:/Users/rlarh/Desktop/tops-pattern/data/raw/tops/floral/wconcept_306862486.jpg,960,1280,,2025-10-21T14:37:33
wconcept,302116809,floral,Waist Banding Floral Cardigan (Pink),https://www.wconcept.co.kr/Product/302116809,https://product-image.wconcept.co.kr/productimg/image/img9/09/302116809_KS55110.jpg,C:/Users/rlarh/Desktop/tops-pattern/data/raw/tops/floral/wconcept_302116809.jpg,960,1280,,2025-10-21T14:37:34
wconcept,305822837,floral,ALRESCHA floral top Green,https://www.wconcept.co.kr/Product/305822837,https://product-image.wconcept.co.kr/productimg/image/img9/37/305822837_PO17740.jpg,C:/Users/rlarh/Desktop/tops-pattern/data/raw/tops/floral/wconcept_305822837.jpg,960,1280,,2025-10-21T14:37:36
wconcept,305822698,floral,ALRESCHA floral top Black,https://www.wconcept.co.kr/Product/305822698,https://product-image.wconcept.co.kr/productimg/image/img9/98/305822698_VO90981.jpg,C:/Users/rlarh/Desktop/tops-pattern/data/raw/tops/floral/wconcept_305822698.jpg,960,1280,,2025-10-21T14:37:37
wconcept,306866499,floral,FLORAL LACE BLOUSE [BLACK],https://www.wconcept.co.kr/Product/306866499,https://product-image.wconcept.co.kr/productimg/image/img9/99/306866499_KV95690.jpg,C:/Users/rlarh/Desktop/tops-pattern/data/raw/tops/floral/wconcept_306866499.jpg,960,1280,,2025-10-21T14:37:39
wconcept,306875738,floral,linen floral jacquard puff top,https://www.wconcept.co.kr/Product/306875738,https://product-image.wconcept.co.kr/productimg/image/img9/38/306875738_YC19133.jpg,C:/Users/rlarh/Desktop/tops-pattern/data/raw/tops/floral/wconcept_306875738.jpg,960,1280,,2025-10-21T14:37:40
wconcept,305713993,floral,Floral blouse_Green,https://www.wconcept.co.kr/Product/305713993,https://product-image.wconcept.co.kr/productimg/image/img9/93/305713993_FI86161.jpg,C:/Users/rlarh/Desktop/tops-pattern/data/raw/tops/floral/wconcept_305713993.jpg,960,1280,,2025-10-21T14:37:41
wconcept,300740769,floral,floral blouse,https://www.wconcept.co.kr/Product/300740769,https://product-image.wconcept.co.kr/productimg/image/img9/69/300740769_DE36824.jpg,C:/Users/rlarh/Desktop/tops-pattern/data/raw/tops/floral/wconcept_300740769.jpg,960,1280,,2025-10-21T14:37:43
wconcept,301289986,floral,[스테디 셀러] Floral Shirts _Green,https://www.wconcept.co.kr/Product/301289986,https://product-image.wconcept.co.kr/productimg/image/img9/86/301289986_OM28392.jpg,C:/Users/rlarh/Desktop/tops-pattern/data/raw/tops/floral/wconcept_301289986.jpg,960,1280,,2025-10-21T14:37:44
wconcept,306776788,floral,Floral Lace T-shirt (black),https://www.wconcept.co.kr/Product/306776788,https://product-image.wconcept.co.kr/productimg/image/img9/88/306776788_HA66210.jpg,C:/Users/rlarh/Desktop/tops-pattern/data/raw/tops/floral/wconcept_306776788.jpg,960,1280,,2025-10-21T14:37:45
wconcept,305618359,polka_dot,DOT-PRINT LONG-SLEEVE  T-SHIRT,https://www.wconcept.co.kr/Product/305618359,https://product-image.wconcept.co.kr/productimg/image/img9/59/305618359_TE45768.jpg,C:/Users/rlarh/Desktop/tops-pattern/data/raw/tops/polka_dot/wconcept_305618359.jpg,960,1280,,2025-10-21T14:40:10
wconcept,305618358,polka_dot,DOT-PRINT LONG-SLEEVE T-SHIRT,https://www.wconcept.co.kr/Product/305618358,https://product-image.wconcept.co.kr/productimg/image/img9/58/305618358_TS48579.jpg,C:/Users/rlarh/Desktop/tops-pattern/data/raw/tops/polka_dot/wconcept_305618358.jpg,960,1280,,2025-10-21T14:40:12
wconcept,306095596,polka_dot,POLKA DOT CARDIGAN_BLACK,https://www.wconcept.co.kr/Product/306095596,https://product-image.wconcept.co.kr/productimg/image/img9/96/306095596_GO17023.jpg,C:/Users/rlarh/Desktop/tops-pattern/data/raw/tops/polka_dot/wconcept_306095596.jpg,960,1280,,2025-10-21T14:43:52
wconcept,307028457,polka_dot,Polka-dot top,https://www.wconcept.co.kr/Product/307028457,https://product-image.wconcept.co.kr/productimg/image/img9/57/307028457_QX59534.jpg,C:/Users/rlarh/Desktop/tops-pattern/data/raw/tops/polka_dot/wconcept_307028457.jpg,960,1280,,2025-10-21T14:43:53
wconcept,306937813,polka_dot,Polka Dot Retro Club Short Sleeve Shirt,https://www.wconcept.co.kr/Product/306937813,https://product-image.wconcept.co.kr/productimg/image/img9/13/306937813_RA73061.jpg,C:/Users/rlarh/Desktop/tops-pattern/data/raw/tops/polka_dot/wconcept_306937813.jpg,960,1280,,2025-10-21T14:43:55
wconcept,306719988,polka_dot,Polka Dot Cardigan,https://www.wconcept.co.kr/Product/306719988,https://product-image.wconcept.co.kr/productimg/image/img9/88/306719988_US35396.jpg,C:/Users/rlarh/Desktop/tops-pattern/data/raw/tops/polka_dot/wconcept_306719988.jpg,960,1280,,2025-10-21T14:43:56
wconcept,306719918,polka_dot,Polka Dot Cotton Top,https://www.wconcept.co.kr/Product/306719918,https://product-image.wconcept.co.kr/productimg/image/img9/18/306719918_MW82975.jpg,C:/Users/rlarh/Desktop/tops-pattern/data/raw/tops/polka_dot/wconcept_306719918.jpg,960,1280,,2025-10-21T14:43:57
wconcept,306714840,polka_dot,Sheer Polka Dot Raglan Top - Black,https://www.wconcept.co.kr/Product/306714840,https://product-image.wconcept.co.kr/productimg/image/img9/40/306714840_IA97207.jpg,C:/Users/rlarh/Desktop/tops-pattern/data/raw/tops/polka_dot/wconcept_306714840.jpg,960,1280,,2025-10-21T14:43:58
wconcept,306926194,polka_dot,AS BABY TEE (POLKA DOT),https://www.wconcept.co.kr/Product/306926194,https://product-image.wconcept.co.kr/productimg/image/img9/94/306926194_VV84338.jpg,C:/Users/rlarh/Desktop/tops-pattern/data/raw/tops/polka_dot/wconcept_306926194.jpg,960,1280,,2025-10-21T14:44:00
wconcept,306095594,polka_dot,POLKA DOT CARDIGAN_GREY,https://www.wconcept.co.kr/Product/306095594,https://product-image.wconcept.co.kr/productimg/image/img9/94/306095594_GG37467.jpg,C:/Users/rlarh/Desktop/tops-pattern/data/raw/tops/polka_dot/wconcept_306095594.jpg,960,1280,,2025-10-21T14:44:01
wconcept,306634251,polka_dot,SR_Shadow polka dot square top,https://www.wconcept.co.kr/Product/306634251,https://product-image.wconcept.co.kr/productimg/image/img9/51/306634251_KK10996.jpg,C:/Users/rlarh/Desktop/tops-pattern/data/raw/tops/polka_dot/wconcept_306634251.jpg,960,1280,,2025-10-21T14:44:02
wconcept,307584174,polka_dot,Polka Dot wool cardigan [KNFW04CD07]_[2color],https://www.wconcept.co.kr/Product/307584174,https://product-image.wconcept.co.kr/productimg/image/img9/74/307584174_QX76026.jpg,C:/Users/rlarh/Desktop/tops-pattern/data/raw/tops/polka_dot/wconcept_307584174.jpg,960,1280,,2025-10-21T14:44:04
wconcept,307350491,polka_dot,Polka Dot Ruffle Blouse,https://www.wconcept.co.kr/Product/307350491,https://product-image.wconcept.co.kr/productimg/image/img9/91/307350491_DL62061.jpg,C:/Users/rlarh/Desktop/tops-pattern/data/raw/tops/polka_dot/wconcept_307350491.jpg,960,1280,,2025-10-21T14:44:05
wconcept,306987873,polka_dot,Cest_Polka dot bow sleeveless top,https://www.wconcept.co.kr/Product/306987873,https://product-image.wconcept.co.kr/productimg/image/img9/73/306987873_GO73687.jpg,C:/Users/rlarh/Desktop/tops-pattern/data/raw/tops/polka_dot/wconcept_306987873.jpg,960,1280,,2025-10-21T14:44:06
wconcept,306841688,polka_dot,Polka Dotted Fish T-shirt_white,https://www.wconcept.co.kr/Product/306841688,https://product-image.wconcept.co.kr/productimg/image/img9/88/306841688_IM98554.jpg,C:/Users/rlarh/Desktop/tops-pattern/data/raw/tops/polka_dot/wconcept_306841688.jpg,960,1280,,2025-10-21T14:44:08
wconcept,307504920,polka_dot,DD_Dark green polka dot cardigan,https://www.wconcept.co.kr/Product/307504920,https://product-image.wconcept.co.kr/productimg/image/img9/20/307504920_GG47221.jpg,C:/Users/rlarh/Desktop/tops-pattern/data/raw/tops/polka_dot/wconcept_307504920.jpg,960,1280,,2025-10-21T14:44:09
wconcept,306567413,polka_dot,IT_Polka dot tube top_BLUE,https://www.wconcept.co.kr/Product/306567413,https://product-image.wconcept.co.kr/productimg/image/img9/13/306567413_GG11001.jpg,C:/Users/rlarh/Desktop/tops-pattern/data/raw/tops/polka_dot/wconcept_306567413.jpg,960,1280,,2025-10-21T14:44:11
wconcept,307392204,polka_dot,DD_Polka dot lace shoulder straps top_2color,https://www.wconcept.co.kr/Product/307392204,https://product-image.wconcept.co.kr/productimg/image/img9/04/307392204_OG77132.jpg,C:/Users/rlarh/Desktop/tops-pattern/data/raw/tops/polka_dot/wconcept_307392204.jpg,960,1280,,2025-10-21T14:44:12
wconcept,307036747,polka_dot,DD_Irregular polka dot sleeveless top_2color,https://www.wconcept.co.kr/Product/307036747,https://product-image.wconcept.co.kr/productimg/image/img9/47/307036747_GI12638.jpg,C:/Users/rlarh/Desktop/tops-pattern/data/raw/tops/polka_dot/wconcept_307036747.jpg,960,1280,,2025-10-21T14:44:13
wconcept,306996923,polka_dot,LS_Polka dot bow blouse_2color,https://www.wconcept.co.kr/Product/306996923,https://product-image.wconcept.co.kr/productimg/image/img9/23/306996923_GG14244.jpg,C:/Users/rlarh/Desktop/tops-pattern/data/raw/tops/polka_dot/wconcept_306996923.jpg,960,1280,,2025-10-21T14:44:15
wconcept,306759763,stripe,Ruffle Short Sleeve Blouses (Dot stripe),https://www.wconcept.co.kr/Product/306759763,https://product-image.wconcept.co.kr/productimg/image/img9/63/306759763_IL90471.jpg,C:/Users/rlarh/Desktop/tops-pattern/data/raw/tops/stripe/wconcept_306759763.jpg,960,1280,,2025-10-21T14:46:22
wconcept,307602607,plaid,그라프트 워크 체크셔츠 브라운 SJLS1543,https://www.wconcept.co.kr/Product/307602607,https://product-image.wconcept.co.kr/productimg/image/img9/07/307602607_GG58262.jpg,C:/Users/rlarh/Desktop/tops-pattern/data/raw/tops/plaid/wconcept_307602607.jpg,960,1280,eb96921a39699dc1,2025-10-21T15:02:08
wconcept,307602605,plaid,그라프트 워크 체크셔츠 버건디 SJLS1543,https://www.wconcept.co.kr/Product/307602605,https://product-image.wconcept.co.kr/productimg/image/img9/05/307602605_GM14860.jpg,C:/Users/rlarh/Desktop/tops-pattern/data/raw/tops/plaid/wconcept_307602605.jpg,960,1280,e8c6967ad169c32c,2025-10-21T15:02:09
wconcept,307602602,plaid,그라프트 워크 체크셔츠 네이비 SJLS1543,https://www.wconcept.co.kr/Product/307602602,https://product-image.wconcept.co.kr/productimg/image/img9/02/307602602_KG20596.jpg,C:/Users/rlarh/Desktop/tops-pattern/data/raw/tops/plaid/wconcept_307602602.jpg,960,1280,add3930e782de087,2025-10-21T15:02:11
wconcept,307595730,stripe,쇼트 슬리브 셔츠 루즈핏 라이트 블루/스트라이프 1288287002,https://www.wconcept.co.kr/Product/307595730,https://product-image.wconcept.co.kr/productimg/image/img9/30/307595730_HN85340.jpg,C:/Users/rlarh/Desktop/tops-pattern/data/raw/tops/stripe/wconcept_307595730.jpg,960,1280,bbc6c131e4cef038,2025-10-21T15:02:20
wconcept,307581915,plaid,Mens Roa Checked Shirts_Brown,https://www.wconcept.co.kr/Product/307581915,https://product-image.wconcept.co.kr/productimg/image/img9/15/307581915_WK24176.jpg,C:/Users/rlarh/Desktop/tops-pattern/data/raw/tops/plaid/wconcept_307581915.jpg,960,1280,e8b5964a29b46697,2025-10-21T15:02:25
wconcept,307544900,solid,[2PACK] 솔리드 오버핏 옥스포드 셔츠 (3color),https://www.wconcept.co.kr/Product/307544900,https://product-image.wconcept.co.kr/productimg/image/img9/00/307544900_QJ44313.jpg,C:/Users/rlarh/Desktop/tops-pattern/data/raw/tops/solid/wconcept_307544900.jpg,960,1280,ee872d94923897b2,2025-10-21T15:02:27
wconcept,307544706,solid,솔리드 오버핏 옥스포드 셔츠 (그레이),https://www.wconcept.co.kr/Product/307544706,https://product-image.wconcept.co.kr/productimg/image/img9/06/307544706_FP43304.jpg,C:/Users/rlarh/Desktop/tops-pattern/data/raw/tops/solid/wconcept_307544706.jpg,960,1280,efe1e21e618b2c70,2025-10-21T15:02:29
wconcept,307544624,solid,솔리드 오버핏 옥스포드 셔츠 (스카이블루),https://www.wconcept.co.kr/Product/307544624,https://product-image.wconcept.co.kr/productimg/image/img9/24/307544624_TB88818.jpg,C:/Users/rlarh/Desktop/tops-pattern/data/raw/tops/solid/wconcept_307544624.jpg,960,1280,e524e3961bcb86a6,2025-10-21T15:02:30
wconcept,307544494,solid,솔리드 오버핏 옥스포드 셔츠 (화이트),https://www.wconcept.co.kr/Product/307544494,https://product-image.wconcept.co.kr/productimg/image/img9/94/307544494_XQ81318.jpg,C:/Users/rlarh/Desktop/tops-pattern/data/raw/tops/solid/wconcept_307544494.jpg,960,1280,e53633924b8c6d66,2025-10-21T15:02:31
wconcept,307480683,plaid,셔켓 2122 기모 플란넬체크 오버핏 그레이 셔츠형 재킷,https://www.wconcept.co.kr/Product/307480683,https://product-image.wconcept.co.kr/productimg/image/img9/83/307480683_QI82154.jpg,C:/Users/rlarh/Desktop/tops-pattern/data/raw/tops/plaid/wconcept_307480683.jpg,960,1280,85c227ca6ce6dca6,2025-10-21T15:02:40
wconcept,307480680,plaid,셔켓 2122 기모 플란넬체크 오버핏 그린 셔츠형 재킷,https://www.wconcept.co.kr/Product/307480680,https://product-image.wconcept.co.kr/productimg/image/img9/80/307480680_FV67913.jpg,C:/Users/rlarh/Desktop/tops-pattern/data/raw/tops/plaid/wconcept_307480680.jpg,960,1280,e996b65b392d6284,2025-10-21T15:02:41
wconcept,307361316,plaid,UNISEX CHECK FLANNEL SHIRT RED CHECK_M_UDSH5C104R2,https://www.wconcept.co.kr/Product/307361316,https://product-image.wconcept.co.kr/productimg/image/img9/16/307361316_HG12533.jpg,C:/Users/rlarh/Desktop/tops-pattern/data/raw/tops/plaid/wconcept_307361316.jpg,960,1280,b0d3961a6a646dc7,2025-10-21T15:02:44
wconcept,306072532,plaid,UNISEX CHECK FLANNEL SHIRT SOFT PINK CHECK_M_UDSH5C104P1,https://www.wconcept.co.kr/Product/306072532,https://product-image.wconcept.co.kr/productimg/image/img9/32/306072532_GG14216.jpg,C:/Users/rlarh/Desktop/tops-pattern/data/raw/tops/plaid/wconcept_306072532.jpg,960,1280,b1c739833c6996c9,2025-10-21T15:02:45
wconcept,307361324,stripe,UNISEX INFORMAL SHIRT SOFT PINK STRIPE_M_UDSH5C102P1,https://www.wconcept.co.kr/Product/307361324,https://product-image.wconcept.co.kr/productimg/image/img9/24/307361324_GG14788.jpg,C:/Users/rlarh/Desktop/tops-pattern/data/raw/tops/stripe/wconcept_307361324.jpg,960,1280,b193639a212ccf67,2025-10-21T15:02:47
wconcept,307361321,stripe,UNISEX INFORMAL SHIRT BLUE BROWN STRIPE_M_UDSH5C102B2,https://www.wconcept.co.kr/Product/307361321,https://product-image.wconcept.co.kr/productimg/image/img9/21/307361321_HG14947.jpg,C:/Users/rlarh/Desktop/tops-pattern/data/raw/tops/stripe/wconcept_307361321.jpg,960,1280,a192639238ce9ee7,2025-10-21T15:02:48
wconcept,307424130,stripe,셔츠 릴랙스핏 화이트/핀스트라이프 1300180001,https://www.wconcept.co.kr/Product/307424130,https://product-image.wconcept.co.kr/productimg/image/img9/30/307424130_GG75282.jpg,C:/Users/rlarh/Desktop/tops-pattern/data/raw/tops/stripe/wconcept_307424130.jpg,960,1280,b3c96333cfc98c24,2025-10-21T15:02:51
wconcept,307406246,stripe,면분할 스트라이프 톤배색 남성우븐셔츠 CXS23SWSH281 GRY,https://www.wconcept.co.kr/Product/307406246,https://product-image.wconcept.co.kr/productimg/image/img9/46/307406246_HE90442.jpg,C:/Users/rlarh/Desktop/tops-pattern/data/raw/tops/stripe/wconcept_307406246.jpg,960,1280,b867c75ae43c8634,2025-10-21T15:02:53
wconcept,307406244,stripe,면분할 스트라이프 톤배색 남성우븐셔츠 CXS23SWSH281 BLU,https://www.wconcept.co.kr/Product/307406244,https://product-image.wconcept.co.kr/productimg/image/img9/44/307406244_HR51694.jpg,C:/Users/rlarh/Desktop/tops-pattern/data/raw/tops/stripe/wconcept_307406244.jpg,960,1280,b1c6a59a689366ce,2025-10-21T15:02:54
wconcept,307359522,plaid,FLANNEL CHECK SHIRTS NV,https://www.wconcept.co.kr/Product/307359522,https://product-image.wconcept.co.kr/productimg/image/img9/22/307359522_EW21327.jpg,C:/Users/rlarh/Desktop/tops-pattern/data/raw/tops/plaid/wconcept_307359522.jpg,960,1280,ba36e592e6cac20b,2025-10-21T15:03:28
wconcept,307359515,plaid,FLANNEL CHECK SHIRTS BR,https://www.wconcept.co.kr/Product/307359515,https://product-image.wconcept.co.kr/productimg/image/img9/15/307359515_WV83893.jpg,C:/Users/rlarh/Desktop/tops-pattern/data/raw/tops/plaid/wconcept_307359515.jpg,960,1280,add3b38a312d60c7,2025-10-21T15:03:29
wconcept,307359499,plaid,CREASE CHECK SHIRTS BR,https://www.wconcept.co.kr/Product/307359499,https://product-image.wconcept.co.kr/productimg/image/img9/99/307359499_NR68247.jpg,C:/Users/rlarh/Desktop/tops-pattern/data/raw/tops/plaid/wconcept_307359499.jpg,960,1280,edc1961ada3c29c3,2025-10-21T15:03:30
wconcept,307359492,plaid,CREASE CHECK SHIRTS BK,https://www.wconcept.co.kr/Product/307359492,https://product-image.wconcept.co.kr/productimg/image/img9/92/307359492_JB74316.jpg,C:/Users/rlarh/Desktop/tops-pattern/data/raw/tops/plaid/wconcept_307359492.jpg,960,1280,e897876a9a2d39c2,2025-10-21T15:03:32
wconcept,307419159,stripe,럭비 셔츠 루즈핏 화이트/네이비 블루 스트라이프 1311896002,https://www.wconcept.co.kr/Product/307419159,https://product-image.wconcept.co.kr/productimg/image/img9/59/307419159_GG40256.jpg,C:/Users/rlarh/Desktop/tops-pattern/data/raw/tops/stripe/wconcept_307419159.jpg,960,1280,b399cd63339c8c32,2025-10-21T15:03:33
wconcept,307419156,stripe,럭비 셔츠 루즈핏 화이트/브라운 스트라이프 1311896001,https://www.wconcept.co.kr/Product/307419156,https://product-image.wconcept.co.kr/productimg/image/img9/56/307419156_IL37606.jpg,C:/Users/rlarh/Desktop/tops-pattern/data/raw/tops/stripe/wconcept_307419156.jpg,960,1280,bb93c33a2c6cccc1,2025-10-21T15:03:35
wconcept,307411939,plaid,Fairy Floss Check Shirt S185,https://www.wconcept.co.kr/Product/307411939,https://product-image.wconcept.co.kr/productimg/image/img9/39/307411939_KI10885.jpg,C:/Users/rlarh/Desktop/tops-pattern/data/raw/tops/plaid/wconcept_307411939.jpg,960,1280,b9e2961ecc896d94,2025-10-21T15:03:38
wconcept,307411935,stripe,Dusty Horizon Stripe Shirt S186,https://www.wconcept.co.kr/Product/307411935,https://product-image.wconcept.co.kr/productimg/image/img9/35/307411935_KG53198.jpg,C:/Users/rlarh/Desktop/tops-pattern/data/raw/tops/stripe/wconcept_307411935.jpg,960,1280,edf0920fd86c2d86,2025-10-21T15:03:40
wconcept,307411933,plaid,Misty Meadow Check Shirt S187,https://www.wconcept.co.kr/Product/307411933,https://product-image.wconcept.co.kr/productimg/image/img9/33/307411933_GI88816.jpg,C:/Users/rlarh/Desktop/tops-pattern/data/raw/tops/plaid/wconcept_307411933.jpg,960,1280,ade0d21fd8596994,2025-10-21T15:03:41
wconcept,307411932,stripe,Grounded in Coral Stripe Shirt S188,https://www.wconcept.co.kr/Product/307411932,https://product-image.wconcept.co.kr/productimg/image/img9/32/307411932_GG18394.jpg,C:/Users/rlarh/Desktop/tops-pattern/data/raw/tops/stripe/wconcept_307411932.jpg,960,1280,ede0961fd8692986,2025-10-21T15:03:42
wconcept,307407496,stripe,Office Stripe Shirt (Light Beige) TNSH5F105Y2,https://www.wconcept.co.kr/Product/307407496,https://product-image.wconcept.co.kr/productimg/image/img9/96/307407496_GG84758.jpg,C:/Users/rlarh/Desktop/tops-pattern/data/raw/tops/stripe/wconcept_307407496.jpg,960,1280,b6c3241fc23dd08f,2025-10-21T15:03:47
wconcept,307407503,plaid,Oversize Micro Check Shirt (Black) TNSH5F103BK,https://www.wconcept.co.kr/Product/307407503,https://product-image.wconcept.co.kr/productimg/image/img9/03/307407503_GG13594.jpg,C:/Users/rlarh/Desktop/tops-pattern/data/raw/tops/plaid/wconcept_307407503.jpg,960,1280,bcc393cb9c682dc4,2025-10-21T15:03:51
wconcept,307407502,plaid,Oversize Check Shirt (Black) TNSH5F104BK,https://www.wconcept.co.kr/Product/307407502,https://product-image.wconcept.co.kr/productimg/image/img9/02/307407502_HG19749.jpg,C:/Users/rlarh/Desktop/tops-pattern/data/raw/tops/plaid/wconcept_307407502.jpg,960,1280,b9c786cb4a3d6138,2025-10-21T15:03:52
wconcept,307407501,plaid,Oversize Check Shirt (Brown) TNSH5F104W2,https://www.wconcept.co.kr/Product/307407501,https://product-image.wconcept.co.kr/productimg/image/img9/01/307407501_HG14790.jpg,C:/Users/rlarh/Desktop/tops-pattern/data/raw/tops/plaid/wconcept_307407501.jpg,960,1280,e9c39398e3692c63,2025-10-21T15:03:54
wconcept,307407497,stripe,Office Stripe Shirt (Dusty Blue) TNSH5F105B2,https://www.wconcept.co.kr/Product/307407497,https://product-image.wconcept.co.kr/productimg/image/img9/97/307407497_GL91578.jpg,C:/Users/rlarh/Desktop/tops-pattern/data/raw/tops/stripe/wconcept_307407497.jpg,960,1280,b6c32532cf3463c6,2025-10-21T15:03:55
wconcept,307401957,plaid,Aurora Glow Plaid Check Shirt S184,https://www.wconcept.co.kr/Product/307401957,https://product-image.wconcept.co.kr/productimg/image/img9/57/307401957_IH15581.jpg,C:/Users/rlarh/Desktop/tops-pattern/data/raw/tops/plaid/wconcept_307401957.jpg,960,1280,ade0961fc8686d96,2025-10-21T15:03:57
wconcept,307398721,plaid,Detachable Crease Check Shirt S167 Gray Achromatic,https://www.wconcept.co.kr/Product/307398721,https://product-image.wconcept.co.kr/productimg/image/img9/21/307398721_GG12054.jpg,C:/Users/rlarh/Desktop/tops-pattern/data/raw/tops/plaid/wconcept_307398721.jpg,960,1280,eba4944b9b297ca4,2025-10-21T15:03:58
wconcept,307398720,plaid,Detachable Crease Check Shirt S167 Pale Pink Purple,https://www.wconcept.co.kr/Product/307398720,https://product-image.wconcept.co.kr/productimg/image/img9/20/307398720_LG68713.jpg,C:/Users/rlarh/Desktop/tops-pattern/data/raw/tops/plaid/wconcept_307398720.jpg,960,1280,eaa0955e9b297ca4,2025-10-21T15:04:00
wconcept,307349543,stripe,스트라이프 셔츠 ERSFW25201BUL,https://www.wconcept.co.kr/Product/307349543,https://product-image.wconcept.co.kr/productimg/image/img9/43/307349543_PR75728.jpg,C:/Users/rlarh/Desktop/tops-pattern/data/raw/tops/stripe/wconcept_307349543.jpg,960,1280,eaa5965a99696ca4,2025-10-21T15:04:22
wconcept,307343932,stripe,쇼트 슬리브 셔츠 루즈핏 화이트/스트라이프 1288877001,https://www.wconcept.co.kr/Product/307343932,https://product-image.wconcept.co.kr/productimg/image/img9/32/307343932_IG18453.jpg,C:/Users/rlarh/Desktop/tops-pattern/data/raw/tops/stripe/wconcept_307343932.jpg,960,1280,a7c45ab36ac9c94c,2025-10-21T15:04:28
wconcept,307244540,stripe,itsuka stripe open collar shirt stripe,https://www.wconcept.co.kr/Product/307244540,https://product-image.wconcept.co.kr/productimg/image/img9/40/307244540_LG55475.jpg,C:/Users/rlarh/Desktop/tops-pattern/data/raw/tops/stripe/wconcept_307244540.jpg,960,1280,eab7b6c39b990940,2025-10-21T15:04:44
wconcept,307244535,stripe,aoiro stripe open collar shirt stripe,https://www.wconcept.co.kr/Product/307244535,https://product-image.wconcept.co.kr/productimg/image/img9/35/307244535_GL46268.jpg,C:/Users/rlarh/Desktop/tops-pattern/data/raw/tops/stripe/wconcept_307244535.jpg,960,1280,e896b79e4a21c936,2025-10-21T15:04:46
wconcept,307234808,stripe,ethnic stripe half shirt-beige,https://www.wconcept.co.kr/Product/307234808,https://product-image.wconcept.co.kr/productimg/image/img9/08/307234808_UN28439.jpg,C:/Users/rlarh/Desktop/tops-pattern/data/raw/tops/stripe/wconcept_307234808.jpg,960,1280,e2a6375a33613366,2025-10-21T15:04:52
wconcept,307234766,stripe,ethnic stripe half shirt-wine,https://www.wconcept.co.kr/Product/307234766,https://product-image.wconcept.co.kr/productimg/image/img9/66/307234766_SG50374.jpg,C:/Users/rlarh/Desktop/tops-pattern/data/raw/tops/stripe/wconcept_307234766.jpg,960,1280,e986a5367a613566,2025-10-21T15:04:53
wconcept,307234716,stripe,ethnic stripe half shirt-green,https://www.wconcept.co.kr/Product/307234716,https://product-image.wconcept.co.kr/productimg/image/img9/16/307234716_OR39656.jpg,C:/Users/rlarh/Desktop/tops-pattern/data/raw/tops/stripe/wconcept_307234716.jpg,960,1280,ea96b17a72212673,2025-10-21T15:04:55
wconcept,307229594,solid,블루 코튼강연 솔리드 긴팔 셔츠,https://www.wconcept.co.kr/Product/307229594,https://product-image.wconcept.co.kr/productimg/image/img9/94/307229594_IL16007.jpg,C:/Users/rlarh/Desktop/tops-pattern/data/raw/tops/solid/wconcept_307229594.jpg,960,1280,bee1811e4ae935d2,2025-10-21T15:04:59
wconcept,307229355,stripe,뽀송 쿨맥스 스트라이프 셔츠 블루 (슬림핏),https://www.wconcept.co.kr/Product/307229355,https://product-image.wconcept.co.kr/productimg/image/img9/55/307229355_NG16777.jpg,C:/Users/rlarh/Desktop/tops-pattern/data/raw/tops/stripe/wconcept_307229355.jpg,960,1280,e1da96a5c84a65b6,2025-10-21T15:05:11
wconcept,307229225,solid,린넨 혼방 긴팔 솔리드 셔츠_그린,https://www.wconcept.co.kr/Product/307229225,https://product-image.wconcept.co.kr/productimg/image/img9/25/307229225_JG18795.jpg,C:/Users/rlarh/Desktop/tops-pattern/data/raw/tops/solid/wconcept_307229225.jpg,960,1280,8b6baf5bfc820243,2025-10-21T15:05:14
wconcept,307229109,solid,린넨 혼방 긴팔 솔리드 셔츠_블루,https://www.wconcept.co.kr/Product/307229109,https://product-image.wconcept.co.kr/productimg/image/img9/09/307229109_GK19624.jpg,C:/Users/rlarh/Desktop/tops-pattern/data/raw/tops/solid/wconcept_307229109.jpg,960,1280,b5d792085889fcd3,2025-10-21T15:05:17
wconcept,307229105,solid,린넨 혼방 긴팔 솔리드 셔츠_네이비,https://www.wconcept.co.kr/Product/307229105,https://product-image.wconcept.co.kr/productimg/image/img9/05/307229105_HG11023.jpg,C:/Users/rlarh/Desktop/tops-pattern/data/raw/tops/solid/wconcept_307229105.jpg,960,1280,bf6582a53c9e06b2,2025-10-21T15:05:18
wconcept,306930142,solid,Bluesf plain snap hooded windbreaker shirt [Yellow],https://www.wconcept.co.kr/Product/306930142,https://product-image.wconcept.co.kr/productimg/image/img9/42/306930142_PI52278.jpg,C:/Users/rlarh/Desktop/tops-pattern/data/raw/tops/solid/wconcept_306930142.jpg,960,1280,f225a59a9c58e26b,2025-10-21T15:05:34
wconcept,306929461,solid,Bluesf plain snap hooded windbreaker shirt [Navy],https://www.wconcept.co.kr/Product/306929461,https://product-image.wconcept.co.kr/productimg/image/img9/61/306929461_DN89681.jpg,C:/Users/rlarh/Desktop/tops-pattern/data/raw/tops/solid/wconcept_306929461.jpg,960,1280,f88785789e58e8e1,2025-10-21T15:05:35
wconcept,306842486,solid,BASIC STANDARD FIT POCKET SHORT-SLEEVED SHIRT BLUE,https://www.wconcept.co.kr/Product/306842486,https://product-image.wconcept.co.kr/productimg/image/img9/86/306842486_HJ15695.jpg,C:/Users/rlarh/Desktop/tops-pattern/data/raw/tops/solid/wconcept_306842486.jpg,960,1280,e9b236498c8dcdcc,2025-10-21T15:06:07
wconcept,306842485,solid,BASIC STANDARD FIT POCKET SHORT-SLEEVED SHIRT WHITE,https://www.wconcept.co.kr/Product/306842485,https://product-image.wconcept.co.kr/productimg/image/img9/85/306842485_HG84857.jpg,C:/Users/rlarh/Desktop/tops-pattern/data/raw/tops/solid/wconcept_306842485.jpg,960,1280,e392337a699c64cc,2025-10-21T15:06:08
wconcept,306842484,solid,BASIC STANDARD FIT POCKET SHORT-SLEEVED SHIRT BLACK,https://www.wconcept.co.kr/Product/306842484,https://product-image.wconcept.co.kr/productimg/image/img9/84/306842484_NM11222.jpg,C:/Users/rlarh/Desktop/tops-pattern/data/raw/tops/solid/wconcept_306842484.jpg,960,1280,e19696799869c565,2025-10-21T15:06:09
wconcept,306781213,solid,BASIC SHORT SLEEVE DENIM SHIRT-BLUE(M),https://www.wconcept.co.kr/Product/306781213,https://product-image.wconcept.co.kr/productimg/image/img9/13/306781213_CQ56447.jpg,C:/Users/rlarh/Desktop/tops-pattern/data/raw/tops/solid/wconcept_306781213.jpg,960,1280,b8c7c65a4d3490db,2025-10-21T15:06:15
wconcept,306222665,solid,[L~4XL]오버핏 솔리드 옥스포드 셔츠_7 COLOR,https://www.wconcept.co.kr/Product/306222665,https://product-image.wconcept.co.kr/productimg/image/img9/65/306222665_QH45739.jpg,C:/Users/rlarh/Desktop/tops-pattern/data/raw/tops/solid/wconcept_306222665.jpg,960,1280,9ccc633026d3f333,2025-10-21T15:07:41
wconcept,304080358,solid,플란넬 솔리드 셔츠 (SLIM FIT) (그린),https://www.wconcept.co.kr/Product/304080358,https://product-image.wconcept.co.kr/productimg/image/img9/58/304080358_IG13479.jpg,C:/Users/rlarh/Desktop/tops-pattern/data/raw/tops/solid/wconcept_304080358.jpg,960,1280,e996966989b46996,2025-10-21T15:09:09
wconcept,304080356,solid,플란넬 솔리드 셔츠 (SLIM FIT) (와인),https://www.wconcept.co.kr/Product/304080356,https://product-image.wconcept.co.kr/productimg/image/img9/56/304080356_GG10622.jpg,C:/Users/rlarh/Desktop/tops-pattern/data/raw/tops/solid/wconcept_304080356.jpg,960,1280,b1d3c60bf82c6c66,2025-10-21T15:09:10
wconcept,304080351,solid,플란넬 솔리드 셔츠 (SLIM FIT) (네이비),https://www.wconcept.co.kr/Product/304080351,https://product-image.wconcept.co.kr/productimg/image/img9/51/304080351_NG76424.jpg,C:/Users/rlarh/Desktop/tops-pattern/data/raw/tops/solid/wconcept_304080351.jpg,960,1280,e987967a99316986,2025-10-21T15:09:11
wconcept,304080330,solid,슬림핏 카치온 솔리드 셔츠 (핑크),https://www.wconcept.co.kr/Product/304080330,https://product-image.wconcept.co.kr/productimg/image/img9/30/304080330_GJ54400.jpg,C:/Users/rlarh/Desktop/tops-pattern/data/raw/tops/solid/wconcept_304080330.jpg,960,1280,ebe0950eca2d2de2,2025-10-21T15:09:17
wconcept,304080329,solid,슬림핏 카치온 솔리드 셔츠 (브라운),https://www.wconcept.co.kr/Product/304080329,https://product-image.wconcept.co.kr/productimg/image/img9/29/304080329_NG55349.jpg,C:/Users/rlarh/Desktop/tops-pattern/data/raw/tops/solid/wconcept_304080329.jpg,960,1280,aec0951eda692df0,2025-10-21T15:09:19
wconcept,307383568,floral,Square neck floral long sleeve top (Oatmeal),https://www.wconcept.co.kr/Product/307383568,https://product-image.wconcept.co.kr/productimg/image/img9/68/307383568_HB91623.jpg,C:/Users/rlarh/Desktop/tops-pattern/data/raw/tops/floral/wconcept_307383568.jpg,960,1280,b99078c7cb239b61,2025-10-21T15:14:15
wconcept,307383625,floral,Square neck floral long sleeve top (Navy),https://www.wconcept.co.kr/Product/307383625,https://product-image.wconcept.co.kr/productimg/image/img9/25/307383625_SX64927.jpg,C:/Users/rlarh/Desktop/tops-pattern/data/raw/tops/floral/wconcept_307383625.jpg,960,1280,a764963b198dcb92,2025-10-21T15:14:16
wconcept,306034535,floral,Cest_Floral embroidery lapel shirt,https://www.wconcept.co.kr/Product/306034535,https://product-image.wconcept.co.kr/productimg/image/img9/35/306034535_MK15975.jpg,C:/Users/rlarh/Desktop/tops-pattern/data/raw/tops/floral/wconcept_306034535.jpg,960,1280,edb661ce309a2cc3,2025-10-21T15:14:16
wconcept,306681507,floral,Rica Shirt_Beige,https://www.wconcept.co.kr/Product/306681507,https://product-image.wconcept.co.kr/productimg/image/img9/07/306681507_OD40719.jpg,C:/Users/rlarh/Desktop/tops-pattern/data/raw/tops/floral/wconcept_306681507.jpg,960,1280,8d94a707b713f223,2025-10-21T15:14:17
wconcept,307421827,floral,플라워 패턴 시스루 블라우스 GR8A0BL311,https://www.wconcept.co.kr/Product/307421827,https://product-image.wconcept.co.kr/productimg/image/img9/27/307421827_IO87157.jpg,C:/Users/rlarh/Desktop/tops-pattern/data/raw/tops/floral/wconcept_307421827.jpg,960,1280,b9f330638ec60cc7,2025-10-21T15:14:18
wconcept,306664130,floral,PM_Flower embroidery shirt,https://www.wconcept.co.kr/Product/306664130,https://product-image.wconcept.co.kr/productimg/image/img9/30/306664130_GG10151.jpg,C:/Users/rlarh/Desktop/tops-pattern/data/raw/tops/floral/wconcept_306664130.jpg,960,1280,e58b74949a9ae859,2025-10-21T15:14:19
wconcept,307376287,floral,레이스 스탠드 칼라 와이드 셔츠 MZ25A3FRHS133,https://www.wconcept.co.kr/Product/307376287,https://product-image.wconcept.co.kr/productimg/image/img9/87/307376287_HG17109.jpg,C:/Users/rlarh/Desktop/tops-pattern/data/raw/tops/floral/wconcept_307376287.jpg,960,1280,eba4955ac8996ea4,2025-10-21T15:14:20
wconcept,307012326,floral,Applique Embroidery V-neck Shirts_White,https://www.wconcept.co.kr/Product/307012326,https://product-image.wconcept.co.kr/productimg/image/img9/26/307012326_SO10990.jpg,C:/Users/rlarh/Desktop/tops-pattern/data/raw/tops/floral/wconcept_307012326.jpg,960,1280,b333639acd8e4926,2025-10-21T15:14:21
wconcept,306612535,floral,WD_Rose embroidery pocket shirt_2color,https://www.wconcept.co.kr/Product/306612535,https://product-image.wconcept.co.kr/productimg/image/img9/35/306612535_GG84842.jpg,C:/Users/rlarh/Desktop/tops-pattern/data/raw/tops/floral/wconcept_306612535.jpg,960,1280,a7f282e26b1cccb2,2025-10-21T15:14:22
wconcept,306924403,floral,DA_Edge balloon sleeve shirt_2color,https://www.wconcept.co.kr/Product/306924403,https://product-image.wconcept.co.kr/productimg/image/img9/03/306924403_NG98478.jpg,C:/Users/rlarh/Desktop/tops-pattern/data/raw/tops/floral/wconcept_306924403.jpg,960,1280,8a716ef0c61ee8b1,2025-10-21T15:14:23
wconcept,307384037,floral,ABEL SHIRT [PREMIUM LACE],https://www.wconcept.co.kr/Product/307384037,https://product-image.wconcept.co.kr/productimg/image/img9/37/307384037_UY11096.jpg,C:/Users/rlarh/Desktop/tops-pattern/data/raw/tops/floral/wconcept_307384037.jpg,960,1280,9c4d435df2b0372c,2025-10-21T15:14:24
wconcept,306031631,floral,LINE FLORAL T-SHIRT (NAVY),https://www.wconcept.co.kr/Product/306031631,https://product-image.wconcept.co.kr/productimg/image/img9/31/306031631_TG50838.jpg,C:/Users/rlarh/Desktop/tops-pattern/data/raw/tops/floral/wconcept_306031631.jpg,960,1280,e196a6db4b2cc986,2025-10-21T15:14:24
wconcept,307535564,floral,PM_Flower embroidery cardigan,https://www.wconcept.co.kr/Product/307535564,https://product-image.wconcept.co.kr/productimg/image/img9/64/307535564_GG65300.jpg,C:/Users/rlarh/Desktop/tops-pattern/data/raw/tops/floral/wconcept_307535564.jpg,960,1280,b1b10be42dc339c7,2025-10-21T15:14:25
wconcept,307532860,floral,Petite Pleasure T-Shirts,https://www.wconcept.co.kr/Product/307532860,https://product-image.wconcept.co.kr/productimg/image/img9/60/307532860_YU77938.jpg,C:/Users/rlarh/Desktop/tops-pattern/data/raw/tops/floral/wconcept_307532860.jpg,960,1280,e8a5925a659e6c35,2025-10-21T15:14:26
wconcept,302766325,floral,WAFFLE CROP T-SHIRT_3COLOR,https://www.wconcept.co.kr/Product/302766325,https://product-image.wconcept.co.kr/productimg/image/img9/25/302766325_NC47532.jpg,C:/Users/rlarh/Desktop/tops-pattern/data/raw/tops/floral/wconcept_302766325.jpg,960,1280,e3a664ce93d9984c,2025-10-21T15:14:27
wconcept,306716605,floral,mosaic top,https://www.wconcept.co.kr/Product/306716605,https://product-image.wconcept.co.kr/productimg/image/img9/05/306716605_GX88793.jpg,C:/Users/rlarh/Desktop/tops-pattern/data/raw/tops/floral/wconcept_306716605.jpg,960,1280,ac64c19b9b656cc6,2025-10-21T15:14:28
wconcept,307398150,floral,Margaret Embroidery Button-down Sweatshirt - Navy,https://www.wconcept.co.kr/Product/307398150,https://product-image.wconcept.co.kr/productimg/image/img9/50/307398150_GH40276.jpg,C:/Users/rlarh/Desktop/tops-pattern/data/raw/tops/floral/wconcept_307398150.jpg,960,1280,bdc2d0a313273ee4,2025-10-21T15:14:29
wconcept,306080225,floral,FLOWER PUFF SHIRRING BLOUSE_BLACK FLORAL,https://www.wconcept.co.kr/Product/306080225,https://product-image.wconcept.co.kr/productimg/image/img9/25/306080225_WX30819.jpg,C:/Users/rlarh/Desktop/tops-pattern/data/raw/tops/floral/wconcept_306080225.jpg,960,1280,a0cbb78c8fb4b449,2025-10-21T15:14:30
wconcept,306073304,floral,CAMEL CASHMERE  FLOWER CARDIGAN (2COLOR),https://www.wconcept.co.kr/Product/306073304,https://product-image.wconcept.co.kr/productimg/image/img9/04/306073304_TL84620.jpg,C:/Users/rlarh/Desktop/tops-pattern/data/raw/tops/floral/wconcept_306073304.jpg,960,1280,807f6ea297397c48,2025-10-21T15:14:31
wconcept,306966854,floral,FLORAL BEADS CRAFT CARDIGAN_2color,https://www.wconcept.co.kr/Product/306966854,https://product-image.wconcept.co.kr/productimg/image/img9/54/306966854_IX97344.jpg,C:/Users/rlarh/Desktop/tops-pattern/data/raw/tops/floral/wconcept_306966854.jpg,960,1280,e632679b98cc986c,2025-10-21T15:14:32
wconcept,306095596,polka_dot,POLKA DOT CARDIGAN_BLACK,https://www.wconcept.co.kr/Product/306095596,https://product-image.wconcept.co.kr/productimg/image/img9/96/306095596_GO17023.jpg,C:/Users/rlarh/Desktop/tops-pattern/data/raw/tops/polka_dot/wconcept_306095596.jpg,960,1280,afb4c04aab8d3cb8,2025-10-21T15:14:41
wconcept,307521413,polka_dot,Cashmere Wool Polka Dot Round Cardigan  Pocket Knit Jacket_3color,https://www.wconcept.co.kr/Product/307521413,https://product-image.wconcept.co.kr/productimg/image/img9/13/307521413_EG81535.jpg,C:/Users/rlarh/Desktop/tops-pattern/data/raw/tops/polka_dot/wconcept_307521413.jpg,960,1280,e59896934a4d2d73,2025-10-21T15:14:42
wconcept,307028457,polka_dot,Polka-dot top,https://www.wconcept.co.kr/Product/307028457,https://product-image.wconcept.co.kr/productimg/image/img9/57/307028457_QX59534.jpg,C:/Users/rlarh/Desktop/tops-pattern/data/raw/tops/polka_dot/wconcept_307028457.jpg,960,1280,ece2631ec29ecc2c,2025-10-21T15:14:42
wconcept,307018648,polka_dot,POLKA DOT PUFF SLEEVE SMOKING TIE BLOUSE_NAVY,https://www.wconcept.co.kr/Product/307018648,https://product-image.wconcept.co.kr/productimg/image/img9/48/307018648_RD10719.jpg,C:/Users/rlarh/Desktop/tops-pattern/data/raw/tops/polka_dot/wconcept_307018648.jpg,960,1280,a0ce9a7399319b9c,2025-10-21T15:14:43
wconcept,306937813,polka_dot,Polka Dot Retro Club Short Sleeve Shirt,https://www.wconcept.co.kr/Product/306937813,https://product-image.wconcept.co.kr/productimg/image/img9/13/306937813_RA73061.jpg,C:/Users/rlarh/Desktop/tops-pattern/data/raw/tops/polka_dot/wconcept_306937813.jpg,960,1280,b4c3c36c0d5d94f1,2025-10-21T15:14:44
wconcept,306719988,polka_dot,Polka Dot Cardigan,https://www.wconcept.co.kr/Product/306719988,https://product-image.wconcept.co.kr/productimg/image/img9/88/306719988_US35396.jpg,C:/Users/rlarh/Desktop/tops-pattern/data/raw/tops/polka_dot/wconcept_306719988.jpg,960,1280,acd3b11b4acdc552,2025-10-21T15:14:45
wconcept,306719918,polka_dot,Polka Dot Cotton Top,https://www.wconcept.co.kr/Product/306719918,https://product-image.wconcept.co.kr/productimg/image/img9/18/306719918_MW82975.jpg,C:/Users/rlarh/Desktop/tops-pattern/data/raw/tops/polka_dot/wconcept_306719918.jpg,960,1280,e7924b99598698cd,2025-10-21T15:14:47
wconcept,306714840,polka_dot,Sheer Polka Dot Raglan Top - Black,https://www.wconcept.co.kr/Product/306714840,https://product-image.wconcept.co.kr/productimg/image/img9/40/306714840_IA97207.jpg,C:/Users/rlarh/Desktop/tops-pattern/data/raw/tops/polka_dot/wconcept_306714840.jpg,960,1280,b0c5cf3269319ecc,2025-10-21T15:14:48
wconcept,307514400,polka_dot,GREY SLIM FIT POLKA DOT SHIRT,https://www.wconcept.co.kr/Product/307514400,https://product-image.wconcept.co.kr/productimg/image/img9/00/307514400_WS90736.jpg,C:/Users/rlarh/Desktop/tops-pattern/data/raw/tops/polka_dot/wconcept_307514400.jpg,960,1280,b0cfc33c9079c3cc,2025-10-21T15:14:50
wconcept,307514375,polka_dot,ASH BEIGE SLIM FIT POLKA DOT SHIRT,https://www.wconcept.co.kr/Product/307514375,https://product-image.wconcept.co.kr/productimg/image/img9/75/307514375_SS43799.jpg,C:/Users/rlarh/Desktop/tops-pattern/data/raw/tops/polka_dot/wconcept_307514375.jpg,960,1280,b0c366cd343cc9cd,2025-10-21T15:14:51
wconcept,306926194,polka_dot,AS BABY TEE (POLKA DOT),https://www.wconcept.co.kr/Product/306926194,https://product-image.wconcept.co.kr/productimg/image/img9/94/306926194_VV84338.jpg,C:/Users/rlarh/Desktop/tops-pattern/data/raw/tops/polka_dot/wconcept_306926194.jpg,960,1280,ede57087c2c69964,2025-10-21T15:14:52
wconcept,307482193,polka_dot,Polka Dot Collar Button T-shirt (cream),https://www.wconcept.co.kr/Product/307482193,https://product-image.wconcept.co.kr/productimg/image/img9/93/307482193_BX34666.jpg,C:/Users/rlarh/Desktop/tops-pattern/data/raw/tops/polka_dot/wconcept_307482193.jpg,960,1280,c56a2dd234e33e83,2025-10-21T15:14:53
wconcept,306095594,polka_dot,POLKA DOT CARDIGAN_GREY,https://www.wconcept.co.kr/Product/306095594,https://product-image.wconcept.co.kr/productimg/image/img9/94/306095594_GG37467.jpg,C:/Users/rlarh/Desktop/tops-pattern/data/raw/tops/polka_dot/wconcept_306095594.jpg,960,1280,b1cbd2364e6cc21d,2025-10-21T15:14:53
wconcept,306634251,polka_dot,SR_Shadow polka dot square top,https://www.wconcept.co.kr/Product/306634251,https://product-image.wconcept.co.kr/productimg/image/img9/51/306634251_KK10996.jpg,C:/Users/rlarh/Desktop/tops-pattern/data/raw/tops/polka_dot/wconcept_306634251.jpg,960,1280,c7e443f33819e646,2025-10-21T15:14:55
wconcept,307584174,polka_dot,Polka Dot wool cardigan [KNFW04CD07]_[2color],https://www.wconcept.co.kr/Product/307584174,https://product-image.wconcept.co.kr/productimg/image/img9/74/307584174_QX76026.jpg,C:/Users/rlarh/Desktop/tops-pattern/data/raw/tops/polka_dot/wconcept_307584174.jpg,960,1280,a5a564e2965ecb94,2025-10-21T15:14:55
wconcept,307350491,polka_dot,Polka Dot Ruffle Blouse,https://www.wconcept.co.kr/Product/307350491,https://product-image.wconcept.co.kr/productimg/image/img9/91/307350491_DL62061.jpg,C:/Users/rlarh/Desktop/tops-pattern/data/raw/tops/polka_dot/wconcept_307350491.jpg,960,1280,a5c7649a9a9ac764,2025-10-21T15:14:56
wconcept,306987873,polka_dot,Cest_Polka dot bow sleeveless top,https://www.wconcept.co.kr/Product/306987873,https://product-image.wconcept.co.kr/productimg/image/img9/73/306987873_GO73687.jpg,C:/Users/rlarh/Desktop/tops-pattern/data/raw/tops/polka_dot/wconcept_306987873.jpg,960,1280,b9c7669b4ca48a2b,2025-10-21T15:14:58
wconcept,306841688,polka_dot,Polka Dotted Fish T-shirt_white,https://www.wconcept.co.kr/Product/306841688,https://product-image.wconcept.co.kr/productimg/image/img9/88/306841688_IM98554.jpg,C:/Users/rlarh/Desktop/tops-pattern/data/raw/tops/polka_dot/wconcept_306841688.jpg,960,1280,876d2f62f0cc2b4c,2025-10-21T15:14:59
wconcept,306912323,polka_dot,POLKA DOT SLIM TOP [BROWN],https://www.wconcept.co.kr/Product/306912323,https://product-image.wconcept.co.kr/productimg/image/img9/23/306912323_NE11007.jpg,C:/Users/rlarh/Desktop/tops-pattern/data/raw/tops/polka_dot/wconcept_306912323.jpg,960,1280,bed2b4702b96a562,2025-10-21T15:15:00
wconcept,307504920,polka_dot,DD_Dark green polka dot cardigan,https://www.wconcept.co.kr/Product/307504920,https://product-image.wconcept.co.kr/productimg/image/img9/20/307504920_GG47221.jpg,C:/Users/rlarh/Desktop/tops-pattern/data/raw/tops/polka_dot/wconcept_307504920.jpg,960,1280,a2b4940ff879d703,2025-10-21T15:15:01
